Workbook
Name 귀케어목록: 설정_코스수당!$M$5:$M$8
Name 날짜목록: 설정_코스수당!$J$5:$J$35
Name 마사지사목록: 설정_코스수당!$N$5:$N$54
Name 방번호목록: 설정_코스수당!$L$5:$L$34
Name 시간목록: 설정_코스수당!$K$5:$K$35
Name 코스목록: 설정_코스수당!$A$6:$A$10

Sheet 오늘대시보드
A1: 오늘근무현황 — 실시간 대시보드
A3: 조회날짜 | B3: 46176
A5: 오늘 상태 요약 | D5: 방문완료 코스별 | G5: 월간 상태 요약
A6: 오늘 예약건수 | B6: =COUNTIFS(실시간콜입력!$B:$B,$B$3,실시간콜입력!$O:$O,"<>") -> 0 | D6: A코스 | E6: =COUNTIFS(실시간콜입력!$B:$B,$B$3,실시간콜입력!$E:$E,"A",실시간콜입력!$O:$O,"방문완료") -> 0 | G6: 월 방문완료 콜 | H6: =COUNTIFS(실시간콜입력!$O:$O,"방문완료") -> 0
A7: 오늘 방문완료 콜 | B7: =COUNTIFS(실시간콜입력!$B:$B,$B$3,실시간콜입력!$O:$O,"방문완료") -> 0 | D7: B코스 | E7: =COUNTIFS(실시간콜입력!$B:$B,$B$3,실시간콜입력!$E:$E,"B",실시간콜입력!$O:$O,"방문완료") -> 0 | G7: 월 예약건수 | H7: =COUNTIFS(실시간콜입력!$B:$B,">="&DATE(YEAR($B$3),MONTH($B$3),1),실시간콜입력!$B:$B,"<"&EDATE(DATE(YEAR($B$3),MONTH($B$3),1),1),실시간콜입력!$O:$O,"<>") -> 0
A8: 오늘 노쇼 | B8: =COUNTIFS(실시간콜입력!$B:$B,$B$3,실시간콜입력!$O:$O,"노쇼") -> 0 | D8: C코스 | E8: =COUNTIFS(실시간콜입력!$B:$B,$B$3,실시간콜입력!$E:$E,"C",실시간콜입력!$O:$O,"방문완료") -> 0 | G8: 월 노쇼 | H8: =COUNTIFS(실시간콜입력!$O:$O,"노쇼") -> 0
A9: 오늘 취소 | B9: =COUNTIFS(실시간콜입력!$B:$B,$B$3,실시간콜입력!$O:$O,"취소") -> 0 | D9: D코스 | E9: =COUNTIFS(실시간콜입력!$B:$B,$B$3,실시간콜입력!$E:$E,"D",실시간콜입력!$O:$O,"방문완료") -> 0 | G9: 월 취소 | H9: =COUNTIFS(실시간콜입력!$O:$O,"취소") -> 0
A10: 오늘 결제합계 | B10: =SUMIFS(실시간콜입력!$J:$J,실시간콜입력!$B:$B,$B$3,실시간콜입력!$O:$O,"방문완료") -> 0 | D10: E코스 | E10: =COUNTIFS(실시간콜입력!$B:$B,$B$3,실시간콜입력!$E:$E,"E",실시간콜입력!$O:$O,"방문완료") -> 0 | G10: 월 방문완료 매출 | H10: =SUMIFS(실시간콜입력!$J:$J,실시간콜입력!$O:$O,"방문완료") -> 0
A11: 오늘 마사지사 담당콜 | B11: =SUMIFS(마사지사일정산!$K:$K,마사지사일정산!$A:$A,$B$3) -> 0
A12: 오늘 마사지사 정산 | B12: =SUMIFS(마사지사일정산!$L:$L,마사지사일정산!$A:$A,$B$3) -> 0
A14: 오늘 코스별 실시간 입력은 [실시간콜입력] 시트에 손님 1명/1건씩 입력
A15: 1) 손님 올 때마다 실시간콜입력에 날짜, 시간, 방번호, 코스, 마사지사1/2만 입력
A16: 2) 코스별 결제금액과 마사지사 수당은 설정_코스수당 기준으로 자동 기입
A17: 3) B코스 귀케어 수당은 귀케어일정산에서 당일 정상근무자끼리 자동 N분의1
A18: 4) 운영팀 일일인센은 총콜 30/40/50콜 기준으로 자동 계산
A19: 5) 월마감에서 만근 20일, 갯수왕 TOP3, 40콜 이상 조건 자동 반영
G24: g

Sheet 실시간콜입력
A1: 실시간콜입력
A2: 하루 100개 슬롯형입니다. 예약/진행/방문완료/노쇼를 관리하고, 방문완료만 콜 인정·정산표에 자동 반영됩니다. 결제금액은 운영 확인용으로 표시하고, 마사지사 수당·귀케어풀은 숨김 처리했습니다.
A4: 월간 상태 요약 | 이 영역은 항상 위에 고정됩니다
A5: 월 예약건수 | B5: =COUNTIFS($B$14:$B$3113,">="&DATE(YEAR(설정_코스수당!$K$2),MONTH(설정_코스수당!$K$2),1),$B$14:$B$3113,"<"&EDATE(DATE(YEAR(설정_코스수당!$K$2),MONTH(설정_코스수당!$K$2),1),1),$O$14:$O$3113,"<>") -> 0 | D5: 월 방문완료 코스별 | G5: 월간 금액/정산 요약 | J5: 사용법: 아래 날짜 블록을 펼친 뒤 예약/방문완료/노쇼/취소를 입력합니다. 방문완료만 콜 인정 및 정산표에 반영됩니다.
A6: 월 방문완료 콜 | B6: =COUNTIFS($B$14:$B$3113,">="&DATE(YEAR(설정_코스수당!$K$2),MONTH(설정_코스수당!$K$2),1),$B$14:$B$3113,"<"&EDATE(DATE(YEAR(설정_코스수당!$K$2),MONTH(설정_코스수당!$K$2),1),1),$O$14:$O$3113,"방문완료") -> 0 | D6: A코스 | E6: =COUNTIFS($B$14:$B$3113,">="&DATE(YEAR(설정_코스수당!$K$2),MONTH(설정_코스수당!$K$2),1),$B$14:$B$3113,"<"&EDATE(DATE(YEAR(설정_코스수당!$K$2),MONTH(설정_코스수당!$K$2),1),1),$E$14:$E$3113,"A",$O$14:$O$3113,"방문완료") -> 0 | G6: 월 결제합계 | H6: =SUMIFS($J$14:$J$3113,$B$14:$B$3113,">="&DATE(YEAR(설정_코스수당!$K$2),MONTH(설정_코스수당!$K$2),1),$B$14:$B$3113,"<"&EDATE(DATE(YEAR(설정_코스수당!$K$2),MONTH(설정_코스수당!$K$2),1),1),$O$14:$O$3113,"방문완료") -> 0
A7: 월 노쇼 | B7: =COUNTIFS($B$14:$B$3113,">="&DATE(YEAR(설정_코스수당!$K$2),MONTH(설정_코스수당!$K$2),1),$B$14:$B$3113,"<"&EDATE(DATE(YEAR(설정_코스수당!$K$2),MONTH(설정_코스수당!$K$2),1),1),$O$14:$O$3113,"노쇼") -> 0 | D7: B코스 | E7: =COUNTIFS($B$14:$B$3113,">="&DATE(YEAR(설정_코스수당!$K$2),MONTH(설정_코스수당!$K$2),1),$B$14:$B$3113,"<"&EDATE(DATE(YEAR(설정_코스수당!$K$2),MONTH(설정_코스수당!$K$2),1),1),$E$14:$E$3113,"B",$O$14:$O$3113,"방문완료") -> 0 | G7: 월 마사지사 정산 | H7: =SUMIFS($K$14:$K$3113,$B$14:$B$3113,">="&DATE(YEAR(설정_코스수당!$K$2),MONTH(설정_코스수당!$K$2),1),$B$14:$B$3113,"<"&EDATE(DATE(YEAR(설정_코스수당!$K$2),MONTH(설정_코스수당!$K$2),1),1),$O$14:$O$3113,"방문완료")+SUMIFS($L$14:$L$3113,$B$14:$B$3113,">="&DATE(YEAR(설정_코스수당!$K$2),MONTH(설정_코스수당!$K$2),1),$B$14:$B$3113,"<"&EDATE(DATE(YEAR(설정_코스수당!$K$2),MONTH(설정_코스수당!$K$2),1),1),$O$14:$O$3113,"방문완료") -> 0
A8: 월 취소 | B8: =COUNTIFS($B$14:$B$3113,">="&DATE(YEAR(설정_코스수당!$K$2),MONTH(설정_코스수당!$K$2),1),$B$14:$B$3113,"<"&EDATE(DATE(YEAR(설정_코스수당!$K$2),MONTH(설정_코스수당!$K$2),1),1),$O$14:$O$3113,"취소") -> 0 | D8: C코스 | E8: =COUNTIFS($B$14:$B$3113,">="&DATE(YEAR(설정_코스수당!$K$2),MONTH(설정_코스수당!$K$2),1),$B$14:$B$3113,"<"&EDATE(DATE(YEAR(설정_코스수당!$K$2),MONTH(설정_코스수당!$K$2),1),1),$E$14:$E$3113,"C",$O$14:$O$3113,"방문완료") -> 0 | G8: 월 귀케어 풀 | H8: =SUMIFS($M$14:$M$3113,$B$14:$B$3113,">="&DATE(YEAR(설정_코스수당!$K$2),MONTH(설정_코스수당!$K$2),1),$B$14:$B$3113,"<"&EDATE(DATE(YEAR(설정_코스수당!$K$2),MONTH(설정_코스수당!$K$2),1),1),$O$14:$O$3113,"방문완료") -> 0
A9: 월 마사지 담당콜 | B9: =COUNTIFS($B$14:$B$3113,">="&DATE(YEAR(설정_코스수당!$K$2),MONTH(설정_코스수당!$K$2),1),$B$14:$B$3113,"<"&EDATE(DATE(YEAR(설정_코스수당!$K$2),MONTH(설정_코스수당!$K$2),1),1),$G$14:$G$3113,"<>",$O$14:$O$3113,"방문완료")+COUNTIFS($B$14:$B$3113,">="&DATE(YEAR(설정_코스수당!$K$2),MONTH(설정_코스수당!$K$2),1),$B$14:$B$3113,"<"&EDATE(DATE(YEAR(설정_코스수당!$K$2),MONTH(설정_코스수당!$K$2),1),1),$H$14:$H$3113,"<>",$O$14:$O$3113,"방문완료") -> 0 | D9: D코스 | E9: =COUNTIFS($B$14:$B$3113,">="&DATE(YEAR(설정_코스수당!$K$2),MONTH(설정_코스수당!$K$2),1),$B$14:$B$3113,"<"&EDATE(DATE(YEAR(설정_코스수당!$K$2),MONTH(설정_코스수당!$K$2),1),1),$E$14:$E$3113,"D",$O$14:$O$3113,"방문완료") -> 0 | G9: 월 할인합계 | H9: =COUNTIFS($B$14:$B$3113,">="&DATE(YEAR(설정_코스수당!$K$2),MONTH(설정_코스수당!$K$2),1),$B$14:$B$3113,"<"&EDATE(DATE(YEAR(설정_코스수당!$K$2),MONTH(설정_코스수당!$K$2),1),1),$O$14:$O$3113,"방문완료",$P$14:$P$3113,"<>",$P$14:$P$3113,"<>없음")*100000 -> 0
D10: E코스 | E10: =COUNTIFS($B$14:$B$3113,">="&DATE(YEAR(설정_코스수당!$K$2),MONTH(설정_코스수당!$K$2),1),$B$14:$B$3113,"<"&EDATE(DATE(YEAR(설정_코스수당!$K$2),MONTH(설정_코스수당!$K$2),1),1),$E$14:$E$3113,"E",$O$14:$O$3113,"방문완료") -> 0 | G10: 월 지출합계 | H10: =SUM($U$25:$U$32,$U$128:$U$135,$U$231:$U$238,$U$334:$U$341,$U$437:$U$444,$U$540:$U$547,$U$643:$U$650,$U$746:$U$753,$U$849:$U$856,$U$952:$U$959,$U$1055:$U$1062,$U$1158:$U$1165,$U$1261:$U$1268,$U$1364:$U$1371,$U$1467:$U$1474,$U$1570:$U$1577,$U$1673:$U$1680,$U$1776:$U$1783,$U$1879:$U$1886,$U$1982:$U$1989,$U$2085:$U$2092,$U$2188:$U$2195,$U$2291:$U$2298,$U$2394:$U$2401,$U$2497:$U$2504,$U$2600:$U$2607,$U$2703:$U$2710,$U$2806:$U$2813,$U$2909:$U$2916,$U$3012:$U$3019,$U$3115:$U$3122) -> 0
A11: ="계 : "&TEXT(H6-H7-H8-H9-H10,"#,##0")&" 동" -> 계 : 0 동
A12: =IF(1<=DAY(DATE(YEAR(설정_코스수당!$K$2),MONTH(설정_코스수당!$K$2)+1,0)),TEXT(DATE(YEAR(설정_코스수당!$K$2),MONTH(설정_코스수당!$K$2),1),"yyyy-mm-dd")&" | 예약관리 100슬롯","") -> 2026-06-01 | 예약관리 100슬롯
A13: 번호 | B13: 날짜 | C13: 시간 | D13: 방번호 | E13: 코스 | F13: 고객/메모 | G13: 마사지사1 | H13: 마사지사2 | I13: 귀케어담당 | J13: 결제금액 | K13: 마사지사1수당 | L13: 마사지사2수당 | M13: 귀케어풀 | N13: 콜인정 | O13: 예약상태 | P13: 할인구분 | Q13: 결제수단 | R13: 비고 | S13: 확인 | U13: =IF(1<=DAY(DATE(YEAR(설정_코스수당!$K$2),MONTH(설정_코스수당!$K$2)+1,0)),TEXT(DATE(YEAR(설정_코스수당!$K$2),MONTH(설정_코스수당!$K$2),1),"yyyy-mm-dd")&" 일일 상태","") -> 2026-06-01 일일 상태 | W13: 방문완료 코스별
A14: 1 | B14: =IF(1<=DAY(DATE(YEAR(설정_코스수당!$K$2),MONTH(설정_코스수당!$K$2)+1,0)),DATE(YEAR(설정_코스수당!$K$2),MONTH(설정_코스수당!$K$2),1),"") -> 46174 | J14: =IF($O14="방문완료",MAX(0,IFERROR(VLOOKUP($E14,설정_코스수당!$A$6:$H$10,4,FALSE),0)-IF(OR($P14="",$P14="없음"),0,100000)),0) -> 0 | K14: {=IF($O14="방문완료",IFERROR(INDEX(설정_코스수당!$B$15:$F$64,MATCH($G14,설정_코스수당!$A$15:$A$64,0),MATCH($E14&"수당",설정_코스수당!$B$14:$F$14,0)),0),0)} -> 0 | L14: {=IF($O14="방문완료",IF($H14="",0,IFERROR(INDEX(설정_코스수당!$B$15:$F$64,MATCH($H14,설정_코스수당!$A$15:$A$64,0),MATCH($E14&"수당",설정_코스수당!$B$14:$F$14,0)),0)),0)} -> 0 | M14: =IF($O14="방문완료",IFERROR(VLOOKUP($E14,설정_코스수당!$A$6:$H$10,6,FALSE),0),0) -> 0 | N14: =IF($O14="방문완료",1,0) -> 0 | U14: 예약건수 | V14: =IF(1<=DAY(DATE(YEAR(설정_코스수당!$K$2),MONTH(설정_코스수당!$K$2)+1,0)),COUNTIFS($B:$B,DATE(YEAR(설정_코스수당!$K$2),MONTH(설정_코스수당!$K$2),1),$O:$O,"<>"),"") -> 0 | W14: A코스 | X14: =IF(1<=DAY(DATE(YEAR(설정_코스수당!$K$2),MONTH(설정_코스수당!$K$2)+1,0)),COUNTIFS($B:$B,DATE(YEAR(설정_코스수당!$K$2),MONTH(설정_코스수당!$K$2),1),$E:$E,"A",$O:$O,"방문완료"),"") -> 0
A15: 2 | B15: =IF(1<=DAY(DATE(YEAR(설정_코스수당!$K$2),MONTH(설정_코스수당!$K$2)+1,0)),DATE(YEAR(설정_코스수당!$K$2),MONTH(설정_코스수당!$K$2),1),"") -> 46174 | J15: =IF($O15="방문완료",MAX(0,IFERROR(VLOOKUP($E15,설정_코스수당!$A$6:$H$10,4,FALSE),0)-IF(OR($P15="",$P15="없음"),0,100000)),0) -> 0 | K15: {=IF($O15="방문완료",IFERROR(INDEX(설정_코스수당!$B$15:$F$64,MATCH($G15,설정_코스수당!$A$15:$A$64,0),MATCH($E15&"수당",설정_코스수당!$B$14:$F$14,0)),0),0)} -> 0 | L15: {=IF($O15="방문완료",IF($H15="",0,IFERROR(INDEX(설정_코스수당!$B$15:$F$64,MATCH($H15,설정_코스수당!$A$15:$A$64,0),MATCH($E15&"수당",설정_코스수당!$B$14:$F$14,0)),0)),0)} -> 0 | M15: =IF($O15="방문완료",IFERROR(VLOOKUP($E15,설정_코스수당!$A$6:$H$10,6,FALSE),0),0) -> 0 | N15: =IF($O15="방문완료",1,0) -> 0 | U15: 방문완료 | V15: =IF(1<=DAY(DATE(YEAR(설정_코스수당!$K$2),MONTH(설정_코스수당!$K$2)+1,0)),COUNTIFS($B:$B,DATE(YEAR(설정_코스수당!$K$2),MONTH(설정_코스수당!$K$2),1),$O:$O,"방문완료"),"") -> 0 | W15: B코스 | X15: =IF(1<=DAY(DATE(YEAR(설정_코스수당!$K$2),MONTH(설정_코스수당!$K$2)+1,0)),COUNTIFS($B:$B,DATE(YEAR(설정_코스수당!$K$2),MONTH(설정_코스수당!$K$2),1),$E:$E,"B",$O:$O,"방문완료"),"") -> 0
A16: 3 | B16: =IF(1<=DAY(DATE(YEAR(설정_코스수당!$K$2),MONTH(설정_코스수당!$K$2)+1,0)),DATE(YEAR(설정_코스수당!$K$2),MONTH(설정_코스수당!$K$2),1),"") -> 46174 | J16: =IF($O16="방문완료",MAX(0,IFERROR(VLOOKUP($E16,설정_코스수당!$A$6:$H$10,4,FALSE),0)-IF(OR($P16="",$P16="없음"),0,100000)),0) -> 0 | K16: {=IF($O16="방문완료",IFERROR(INDEX(설정_코스수당!$B$15:$F$64,MATCH($G16,설정_코스수당!$A$15:$A$64,0),MATCH($E16&"수당",설정_코스수당!$B$14:$F$14,0)),0),0)} -> 0 | L16: {=IF($O16="방문완료",IF($H16="",0,IFERROR(INDEX(설정_코스수당!$B$15:$F$64,MATCH($H16,설정_코스수당!$A$15:$A$64,0),MATCH($E16&"수당",설정_코스수당!$B$14:$F$14,0)),0)),0)} -> 0 | M16: =IF($O16="방문완료",IFERROR(VLOOKUP($E16,설정_코스수당!$A$6:$H$10,6,FALSE),0),0) -> 0 | N16: =IF($O16="방문완료",1,0) -> 0 | U16: 노쇼/취소 | V16: =IF(1<=DAY(DATE(YEAR(설정_코스수당!$K$2),MONTH(설정_코스수당!$K$2)+1,0)),COUNTIFS($B:$B,DATE(YEAR(설정_코스수당!$K$2),MONTH(설정_코스수당!$K$2),1),$O:$O,"노쇼")&"/"&COUNTIFS($B:$B,DATE(YEAR(설정_코스수당!$K$2),MONTH(설정_코스수당!$K$2),1),$O:$O,"취소"),"") -> 0/0 | W16: C코스 | X16: =IF(1<=DAY(DATE(YEAR(설정_코스수당!$K$2),MONTH(설정_코스수당!$K$2)+1,0)),COUNTIFS($B:$B,DATE(YEAR(설정_코스수당!$K$2),MONTH(설정_코스수당!$K$2),1),$E:$E,"C",$O:$O,"방문완료"),"") -> 0
A17: 4 | B17: =IF(1<=DAY(DATE(YEAR(설정_코스수당!$K$2),MONTH(설정_코스수당!$K$2)+1,0)),DATE(YEAR(설정_코스수당!$K$2),MONTH(설정_코스수당!$K$2),1),"") -> 46174 | J17: =IF($O17="방문완료",MAX(0,IFERROR(VLOOKUP($E17,설정_코스수당!$A$6:$H$10,4,FALSE),0)-IF(OR($P17="",$P17="없음"),0,100000)),0) -> 0 | K17: {=IF($O17="방문완료",IFERROR(INDEX(설정_코스수당!$B$15:$F$64,MATCH($G17,설정_코스수당!$A$15:$A$64,0),MATCH($E17&"수당",설정_코스수당!$B$14:$F$14,0)),0),0)} -> 0 | L17: {=IF($O17="방문완료",IF($H17="",0,IFERROR(INDEX(설정_코스수당!$B$15:$F$64,MATCH($H17,설정_코스수당!$A$15:$A$64,0),MATCH($E17&"수당",설정_코스수당!$B$14:$F$14,0)),0)),0)} -> 0 | M17: =IF($O17="방문완료",IFERROR(VLOOKUP($E17,설정_코스수당!$A$6:$H$10,6,FALSE),0),0) -> 0 | N17: =IF($O17="방문완료",1,0) -> 0 | U17: 결제합계 | V17: =IF(1<=DAY(DATE(YEAR(설정_코스수당!$K$2),MONTH(설정_코스수당!$K$2)+1,0)),SUMIFS($J:$J,$B:$B,DATE(YEAR(설정_코스수당!$K$2),MONTH(설정_코스수당!$K$2),1),$O:$O,"방문완료"),"") -> 0 | W17: D코스 | X17: =IF(1<=DAY(DATE(YEAR(설정_코스수당!$K$2),MONTH(설정_코스수당!$K$2)+1,0)),COUNTIFS($B:$B,DATE(YEAR(설정_코스수당!$K$2),MONTH(설정_코스수당!$K$2),1),$E:$E,"D",$O:$O,"방문완료"),"") -> 0
A18: 5 | B18: =IF(1<=DAY(DATE(YEAR(설정_코스수당!$K$2),MONTH(설정_코스수당!$K$2)+1,0)),DATE(YEAR(설정_코스수당!$K$2),MONTH(설정_코스수당!$K$2),1),"") -> 46174 | J18: =IF($O18="방문완료",MAX(0,IFERROR(VLOOKUP($E18,설정_코스수당!$A$6:$H$10,4,FALSE),0)-IF(OR($P18="",$P18="없음"),0,100000)),0) -> 0 | K18: {=IF($O18="방문완료",IFERROR(INDEX(설정_코스수당!$B$15:$F$64,MATCH($G18,설정_코스수당!$A$15:$A$64,0),MATCH($E18&"수당",설정_코스수당!$B$14:$F$14,0)),0),0)} -> 0 | L18: {=IF($O18="방문완료",IF($H18="",0,IFERROR(INDEX(설정_코스수당!$B$15:$F$64,MATCH($H18,설정_코스수당!$A$15:$A$64,0),MATCH($E18&"수당",설정_코스수당!$B$14:$F$14,0)),0)),0)} -> 0 | M18: =IF($O18="방문완료",IFERROR(VLOOKUP($E18,설정_코스수당!$A$6:$H$10,6,FALSE),0),0) -> 0 | N18: =IF($O18="방문완료",1,0) -> 0 | U18: 마사지사 정산 | V18: =IF(1<=DAY(DATE(YEAR(설정_코스수당!$K$2),MONTH(설정_코스수당!$K$2)+1,0)),SUMIFS($K:$K,$B:$B,DATE(YEAR(설정_코스수당!$K$2),MONTH(설정_코스수당!$K$2),1),$O:$O,"방문완료")+SUMIFS($L:$L,$B:$B,DATE(YEAR(설정_코스수당!$K$2),MONTH(설정_코스수당!$K$2),1),$O:$O,"방문완료"),"") -> 0 | W18: E코스 | X18: =IF(1<=DAY(DATE(YEAR(설정_코스수당!$K$2),MONTH(설정_코스수당!$K$2)+1,0)),COUNTIFS($B:$B,DATE(YEAR(설정_코스수당!$K$2),MONTH(설정_코스수당!$K$2),1),$E:$E,"E",$O:$O,"방문완료"),"") -> 0
A19: 6 | B19: =IF(1<=DAY(DATE(YEAR(설정_코스수당!$K$2),MONTH(설정_코스수당!$K$2)+1,0)),DATE(YEAR(설정_코스수당!$K$2),MONTH(설정_코스수당!$K$2),1),"") -> 46174 | J19: =IF($O19="방문완료",MAX(0,IFERROR(VLOOKUP($E19,설정_코스수당!$A$6:$H$10,4,FALSE),0)-IF(OR($P19="",$P19="없음"),0,100000)),0) -> 0 | K19: {=IF($O19="방문완료",IFERROR(INDEX(설정_코스수당!$B$15:$F$64,MATCH($G19,설정_코스수당!$A$15:$A$64,0),MATCH($E19&"수당",설정_코스수당!$B$14:$F$14,0)),0),0)} -> 0 | L19: {=IF($O19="방문완료",IF($H19="",0,IFERROR(INDEX(설정_코스수당!$B$15:$F$64,MATCH($H19,설정_코스수당!$A$15:$A$64,0),MATCH($E19&"수당",설정_코스수당!$B$14:$F$14,0)),0)),0)} -> 0 | M19: =IF($O19="방문완료",IFERROR(VLOOKUP($E19,설정_코스수당!$A$6:$H$10,6,FALSE),0),0) -> 0 | N19: =IF($O19="방문완료",1,0) -> 0 | U19: 귀케어풀 | V19: =IF(1<=DAY(DATE(YEAR(설정_코스수당!$K$2),MONTH(설정_코스수당!$K$2)+1,0)),SUMIFS($M:$M,$B:$B,DATE(YEAR(설정_코스수당!$K$2),MONTH(설정_코스수당!$K$2),1),$O:$O,"방문완료"),"") -> 0 | W19: 할인건수 | X19: =IF(1<=DAY(DATE(YEAR(설정_코스수당!$K$2),MONTH(설정_코스수당!$K$2)+1,0)),COUNTIFS($B:$B,DATE(YEAR(설정_코스수당!$K$2),MONTH(설정_코스수당!$K$2),1),$O:$O,"방문완료",$P:$P,"<>",$P:$P,"<>없음"),"") -> 0
A20: 7 | B20: =IF(1<=DAY(DATE(YEAR(설정_코스수당!$K$2),MONTH(설정_코스수당!$K$2)+1,0)),DATE(YEAR(설정_코스수당!$K$2),MONTH(설정_코스수당!$K$2),1),"") -> 46174 | J20: =IF($O20="방문완료",MAX(0,IFERROR(VLOOKUP($E20,설정_코스수당!$A$6:$H$10,4,FALSE),0)-IF(OR($P20="",$P20="없음"),0,100000)),0) -> 0 | K20: {=IF($O20="방문완료",IFERROR(INDEX(설정_코스수당!$B$15:$F$64,MATCH($G20,설정_코스수당!$A$15:$A$64,0),MATCH($E20&"수당",설정_코스수당!$B$14:$F$14,0)),0),0)} -> 0 | L20: {=IF($O20="방문완료",IF($H20="",0,IFERROR(INDEX(설정_코스수당!$B$15:$F$64,MATCH($H20,설정_코스수당!$A$15:$A$64,0),MATCH($E20&"수당",설정_코스수당!$B$14:$F$14,0)),0)),0)} -> 0 | M20: =IF($O20="방문완료",IFERROR(VLOOKUP($E20,설정_코스수당!$A$6:$H$10,6,FALSE),0),0) -> 0 | N20: =IF($O20="방문완료",1,0) -> 0 | U20: 할인합계 | V20: =IF(1<=DAY(DATE(YEAR(설정_코스수당!$K$2),MONTH(설정_코스수당!$K$2)+1,0)),COUNTIFS($B:$B,DATE(YEAR(설정_코스수당!$K$2),MONTH(설정_코스수당!$K$2),1),$O:$O,"방문완료",$P:$P,"<>",$P:$P,"<>없음")*100000,"") -> 0 | W20: 마사지사담당 | X20: =IF(1<=DAY(DATE(YEAR(설정_코스수당!$K$2),MONTH(설정_코스수당!$K$2)+1,0)),COUNTIFS($B:$B,DATE(YEAR(설정_코스수당!$K$2),MONTH(설정_코스수당!$K$2),1),$G:$G,"<>",$O:$O,"방문완료")+COUNTIFS($B:$B,DATE(YEAR(설정_코스수당!$K$2),MONTH(설정_코스수당!$K$2),1),$H:$H,"<>",$O:$O,"방문완료"),"") -> 0
A21: 8 | B21: =IF(1<=DAY(DATE(YEAR(설정_코스수당!$K$2),MONTH(설정_코스수당!$K$2)+1,0)),DATE(YEAR(설정_코스수당!$K$2),MONTH(설정_코스수당!$K$2),1),"") -> 46174 | J21: =IF($O21="방문완료",MAX(0,IFERROR(VLOOKUP($E21,설정_코스수당!$A$6:$H$10,4,FALSE),0)-IF(OR($P21="",$P21="없음"),0,100000)),0) -> 0 | K21: {=IF($O21="방문완료",IFERROR(INDEX(설정_코스수당!$B$15:$F$64,MATCH($G21,설정_코스수당!$A$15:$A$64,0),MATCH($E21&"수당",설정_코스수당!$B$14:$F$14,0)),0),0)} -> 0 | L21: {=IF($O21="방문완료",IF($H21="",0,IFERROR(INDEX(설정_코스수당!$B$15:$F$64,MATCH($H21,설정_코스수당!$A$15:$A$64,0),MATCH($E21&"수당",설정_코스수당!$B$14:$F$14,0)),0)),0)} -> 0 | M21: =IF($O21="방문완료",IFERROR(VLOOKUP($E21,설정_코스수당!$A$6:$H$10,6,FALSE),0),0) -> 0 | N21: =IF($O21="방문완료",1,0) -> 0 | U21: 지출합계 | V21: =IF(1<=DAY(DATE(YEAR(설정_코스수당!$K$2),MONTH(설정_코스수당!$K$2)+1,0)),SUM($U$25:$U$32),"") -> 0 | W21: =IF(1<=DAY(DATE(YEAR(설정_코스수당!$K$2),MONTH(설정_코스수당!$K$2)+1,0)),"계 : "&TEXT(V17-V18-V19-V20-V21,"#,##0")&" 동","") -> 계 : 0 동
A22: 9 | B22: =IF(1<=DAY(DATE(YEAR(설정_코스수당!$K$2),MONTH(설정_코스수당!$K$2)+1,0)),DATE(YEAR(설정_코스수당!$K$2),MONTH(설정_코스수당!$K$2),1),"") -> 46174 | J22: =IF($O22="방문완료",MAX(0,IFERROR(VLOOKUP($E22,설정_코스수당!$A$6:$H$10,4,FALSE),0)-IF(OR($P22="",$P22="없음"),0,100000)),0) -> 0 | K22: {=IF($O22="방문완료",IFERROR(INDEX(설정_코스수당!$B$15:$F$64,MATCH($G22,설정_코스수당!$A$15:$A$64,0),MATCH($E22&"수당",설정_코스수당!$B$14:$F$14,0)),0),0)} -> 0 | L22: {=IF($O22="방문완료",IF($H22="",0,IFERROR(INDEX(설정_코스수당!$B$15:$F$64,MATCH($H22,설정_코스수당!$A$15:$A$64,0),MATCH($E22&"수당",설정_코스수당!$B$14:$F$14,0)),0)),0)} -> 0 | M22: =IF($O22="방문완료",IFERROR(VLOOKUP($E22,설정_코스수당!$A$6:$H$10,6,FALSE),0),0) -> 0 | N22: =IF($O22="방문완료",1,0) -> 0
A23: 10 | B23: =IF(1<=DAY(DATE(YEAR(설정_코스수당!$K$2),MONTH(설정_코스수당!$K$2)+1,0)),DATE(YEAR(설정_코스수당!$K$2),MONTH(설정_코스수당!$K$2),1),"") -> 46174 | J23: =IF($O23="방문완료",MAX(0,IFERROR(VLOOKUP($E23,설정_코스수당!$A$6:$H$10,4,FALSE),0)-IF(OR($P23="",$P23="없음"),0,100000)),0) -> 0 | K23: {=IF($O23="방문완료",IFERROR(INDEX(설정_코스수당!$B$15:$F$64,MATCH($G23,설정_코스수당!$A$15:$A$64,0),MATCH($E23&"수당",설정_코스수당!$B$14:$F$14,0)),0),0)} -> 0 | L23: {=IF($O23="방문완료",IF($H23="",0,IFERROR(INDEX(설정_코스수당!$B$15:$F$64,MATCH($H23,설정_코스수당!$A$15:$A$64,0),MATCH($E23&"수당",설정_코스수당!$B$14:$F$14,0)),0)),0)} -> 0 | M23: =IF($O23="방문완료",IFERROR(VLOOKUP($E23,설정_코스수당!$A$6:$H$10,6,FALSE),0),0) -> 0 | N23: =IF($O23="방문완료",1,0) -> 0 | U23: 지출 입력
A24: 11 | B24: =IF(1<=DAY(DATE(YEAR(설정_코스수당!$K$2),MONTH(설정_코스수당!$K$2)+1,0)),DATE(YEAR(설정_코스수당!$K$2),MONTH(설정_코스수당!$K$2),1),"") -> 46174 | J24: =IF($O24="방문완료",MAX(0,IFERROR(VLOOKUP($E24,설정_코스수당!$A$6:$H$10,4,FALSE),0)-IF(OR($P24="",$P24="없음"),0,100000)),0) -> 0 | K24: {=IF($O24="방문완료",IFERROR(INDEX(설정_코스수당!$B$15:$F$64,MATCH($G24,설정_코스수당!$A$15:$A$64,0),MATCH($E24&"수당",설정_코스수당!$B$14:$F$14,0)),0),0)} -> 0 | L24: {=IF($O24="방문완료",IF($H24="",0,IFERROR(INDEX(설정_코스수당!$B$15:$F$64,MATCH($H24,설정_코스수당!$A$15:$A$64,0),MATCH($E24&"수당",설정_코스수당!$B$14:$F$14,0)),0)),0)} -> 0 | M24: =IF($O24="방문완료",IFERROR(VLOOKUP($E24,설정_코스수당!$A$6:$H$10,6,FALSE),0),0) -> 0 | N24: =IF($O24="방문완료",1,0) -> 0 | U24: 지출금액 | V24: 내용 | W24: 담당자 | X24: 비고
A25: 12 | B25: =IF(1<=DAY(DATE(YEAR(설정_코스수당!$K$2),MONTH(설정_코스수당!$K$2)+1,0)),DATE(YEAR(설정_코스수당!$K$2),MONTH(설정_코스수당!$K$2),1),"") -> 46174 | J25: =IF($O25="방문완료",MAX(0,IFERROR(VLOOKUP($E25,설정_코스수당!$A$6:$H$10,4,FALSE),0)-IF(OR($P25="",$P25="없음"),0,100000)),0) -> 0 | K25: {=IF($O25="방문완료",IFERROR(INDEX(설정_코스수당!$B$15:$F$64,MATCH($G25,설정_코스수당!$A$15:$A$64,0),MATCH($E25&"수당",설정_코스수당!$B$14:$F$14,0)),0),0)} -> 0 | L25: {=IF($O25="방문완료",IF($H25="",0,IFERROR(INDEX(설정_코스수당!$B$15:$F$64,MATCH($H25,설정_코스수당!$A$15:$A$64,0),MATCH($E25&"수당",설정_코스수당!$B$14:$F$14,0)),0)),0)} -> 0 | M25: =IF($O25="방문완료",IFERROR(VLOOKUP($E25,설정_코스수당!$A$6:$H$10,6,FALSE),0),0) -> 0 | N25: =IF($O25="방문완료",1,0) -> 0
A26: 13 | B26: =IF(1<=DAY(DATE(YEAR(설정_코스수당!$K$2),MONTH(설정_코스수당!$K$2)+1,0)),DATE(YEAR(설정_코스수당!$K$2),MONTH(설정_코스수당!$K$2),1),"") -> 46174 | J26: =IF($O26="방문완료",MAX(0,IFERROR(VLOOKUP($E26,설정_코스수당!$A$6:$H$10,4,FALSE),0)-IF(OR($P26="",$P26="없음"),0,100000)),0) -> 0 | K26: {=IF($O26="방문완료",IFERROR(INDEX(설정_코스수당!$B$15:$F$64,MATCH($G26,설정_코스수당!$A$15:$A$64,0),MATCH($E26&"수당",설정_코스수당!$B$14:$F$14,0)),0),0)} -> 0 | L26: {=IF($O26="방문완료",IF($H26="",0,IFERROR(INDEX(설정_코스수당!$B$15:$F$64,MATCH($H26,설정_코스수당!$A$15:$A$64,0),MATCH($E26&"수당",설정_코스수당!$B$14:$F$14,0)),0)),0)} -> 0 | M26: =IF($O26="방문완료",IFERROR(VLOOKUP($E26,설정_코스수당!$A$6:$H$10,6,FALSE),0),0) -> 0 | N26: =IF($O26="방문완료",1,0) -> 0
A27: 14 | B27: =IF(1<=DAY(DATE(YEAR(설정_코스수당!$K$2),MONTH(설정_코스수당!$K$2)+1,0)),DATE(YEAR(설정_코스수당!$K$2),MONTH(설정_코스수당!$K$2),1),"") -> 46174 | J27: =IF($O27="방문완료",MAX(0,IFERROR(VLOOKUP($E27,설정_코스수당!$A$6:$H$10,4,FALSE),0)-IF(OR($P27="",$P27="없음"),0,100000)),0) -> 0 | K27: {=IF($O27="방문완료",IFERROR(INDEX(설정_코스수당!$B$15:$F$64,MATCH($G27,설정_코스수당!$A$15:$A$64,0),MATCH($E27&"수당",설정_코스수당!$B$14:$F$14,0)),0),0)} -> 0 | L27: {=IF($O27="방문완료",IF($H27="",0,IFERROR(INDEX(설정_코스수당!$B$15:$F$64,MATCH($H27,설정_코스수당!$A$15:$A$64,0),MATCH($E27&"수당",설정_코스수당!$B$14:$F$14,0)),0)),0)} -> 0 | M27: =IF($O27="방문완료",IFERROR(VLOOKUP($E27,설정_코스수당!$A$6:$H$10,6,FALSE),0),0) -> 0 | N27: =IF($O27="방문완료",1,0) -> 0
A28: 15 | B28: =IF(1<=DAY(DATE(YEAR(설정_코스수당!$K$2),MONTH(설정_코스수당!$K$2)+1,0)),DATE(YEAR(설정_코스수당!$K$2),MONTH(설정_코스수당!$K$2),1),"") -> 46174 | J28: =IF($O28="방문완료",MAX(0,IFERROR(VLOOKUP($E28,설정_코스수당!$A$6:$H$10,4,FALSE),0)-IF(OR($P28="",$P28="없음"),0,100000)),0) -> 0 | K28: {=IF($O28="방문완료",IFERROR(INDEX(설정_코스수당!$B$15:$F$64,MATCH($G28,설정_코스수당!$A$15:$A$64,0),MATCH($E28&"수당",설정_코스수당!$B$14:$F$14,0)),0),0)} -> 0 | L28: {=IF($O28="방문완료",IF($H28="",0,IFERROR(INDEX(설정_코스수당!$B$15:$F$64,MATCH($H28,설정_코스수당!$A$15:$A$64,0),MATCH($E28&"수당",설정_코스수당!$B$14:$F$14,0)),0)),0)} -> 0 | M28: =IF($O28="방문완료",IFERROR(VLOOKUP($E28,설정_코스수당!$A$6:$H$10,6,FALSE),0),0) -> 0 | N28: =IF($O28="방문완료",1,0) -> 0
A29: 16 | B29: =IF(1<=DAY(DATE(YEAR(설정_코스수당!$K$2),MONTH(설정_코스수당!$K$2)+1,0)),DATE(YEAR(설정_코스수당!$K$2),MONTH(설정_코스수당!$K$2),1),"") -> 46174 | J29: =IF($O29="방문완료",MAX(0,IFERROR(VLOOKUP($E29,설정_코스수당!$A$6:$H$10,4,FALSE),0)-IF(OR($P29="",$P29="없음"),0,100000)),0) -> 0 | K29: {=IF($O29="방문완료",IFERROR(INDEX(설정_코스수당!$B$15:$F$64,MATCH($G29,설정_코스수당!$A$15:$A$64,0),MATCH($E29&"수당",설정_코스수당!$B$14:$F$14,0)),0),0)} -> 0 | L29: {=IF($O29="방문완료",IF($H29="",0,IFERROR(INDEX(설정_코스수당!$B$15:$F$64,MATCH($H29,설정_코스수당!$A$15:$A$64,0),MATCH($E29&"수당",설정_코스수당!$B$14:$F$14,0)),0)),0)} -> 0 | M29: =IF($O29="방문완료",IFERROR(VLOOKUP($E29,설정_코스수당!$A$6:$H$10,6,FALSE),0),0) -> 0 | N29: =IF($O29="방문완료",1,0) -> 0
A30: 17 | B30: =IF(1<=DAY(DATE(YEAR(설정_코스수당!$K$2),MONTH(설정_코스수당!$K$2)+1,0)),DATE(YEAR(설정_코스수당!$K$2),MONTH(설정_코스수당!$K$2),1),"") -> 46174 | J30: =IF($O30="방문완료",MAX(0,IFERROR(VLOOKUP($E30,설정_코스수당!$A$6:$H$10,4,FALSE),0)-IF(OR($P30="",$P30="없음"),0,100000)),0) -> 0 | K30: {=IF($O30="방문완료",IFERROR(INDEX(설정_코스수당!$B$15:$F$64,MATCH($G30,설정_코스수당!$A$15:$A$64,0),MATCH($E30&"수당",설정_코스수당!$B$14:$F$14,0)),0),0)} -> 0 | L30: {=IF($O30="방문완료",IF($H30="",0,IFERROR(INDEX(설정_코스수당!$B$15:$F$64,MATCH($H30,설정_코스수당!$A$15:$A$64,0),MATCH($E30&"수당",설정_코스수당!$B$14:$F$14,0)),0)),0)} -> 0 | M30: =IF($O30="방문완료",IFERROR(VLOOKUP($E30,설정_코스수당!$A$6:$H$10,6,FALSE),0),0) -> 0 | N30: =IF($O30="방문완료",1,0) -> 0
A31: 18 | B31: =IF(1<=DAY(DATE(YEAR(설정_코스수당!$K$2),MONTH(설정_코스수당!$K$2)+1,0)),DATE(YEAR(설정_코스수당!$K$2),MONTH(설정_코스수당!$K$2),1),"") -> 46174 | J31: =IF($O31="방문완료",MAX(0,IFERROR(VLOOKUP($E31,설정_코스수당!$A$6:$H$10,4,FALSE),0)-IF(OR($P31="",$P31="없음"),0,100000)),0) -> 0 | K31: {=IF($O31="방문완료",IFERROR(INDEX(설정_코스수당!$B$15:$F$64,MATCH($G31,설정_코스수당!$A$15:$A$64,0),MATCH($E31&"수당",설정_코스수당!$B$14:$F$14,0)),0),0)} -> 0 | L31: {=IF($O31="방문완료",IF($H31="",0,IFERROR(INDEX(설정_코스수당!$B$15:$F$64,MATCH($H31,설정_코스수당!$A$15:$A$64,0),MATCH($E31&"수당",설정_코스수당!$B$14:$F$14,0)),0)),0)} -> 0 | M31: =IF($O31="방문완료",IFERROR(VLOOKUP($E31,설정_코스수당!$A$6:$H$10,6,FALSE),0),0) -> 0 | N31: =IF($O31="방문완료",1,0) -> 0
A32: 19 | B32: =IF(1<=DAY(DATE(YEAR(설정_코스수당!$K$2),MONTH(설정_코스수당!$K$2)+1,0)),DATE(YEAR(설정_코스수당!$K$2),MONTH(설정_코스수당!$K$2),1),"") -> 46174 | J32: =IF($O32="방문완료",MAX(0,IFERROR(VLOOKUP($E32,설정_코스수당!$A$6:$H$10,4,FALSE),0)-IF(OR($P32="",$P32="없음"),0,100000)),0) -> 0 | K32: {=IF($O32="방문완료",IFERROR(INDEX(설정_코스수당!$B$15:$F$64,MATCH($G32,설정_코스수당!$A$15:$A$64,0),MATCH($E32&"수당",설정_코스수당!$B$14:$F$14,0)),0),0)} -> 0 | L32: {=IF($O32="방문완료",IF($H32="",0,IFERROR(INDEX(설정_코스수당!$B$15:$F$64,MATCH($H32,설정_코스수당!$A$15:$A$64,0),MATCH($E32&"수당",설정_코스수당!$B$14:$F$14,0)),0)),0)} -> 0 | M32: =IF($O32="방문완료",IFERROR(VLOOKUP($E32,설정_코스수당!$A$6:$H$10,6,FALSE),0),0) -> 0 | N32: =IF($O32="방문완료",1,0) -> 0
A33: 20 | B33: =IF(1<=DAY(DATE(YEAR(설정_코스수당!$K$2),MONTH(설정_코스수당!$K$2)+1,0)),DATE(YEAR(설정_코스수당!$K$2),MONTH(설정_코스수당!$K$2),1),"") -> 46174 | J33: =IF($O33="방문완료",MAX(0,IFERROR(VLOOKUP($E33,설정_코스수당!$A$6:$H$10,4,FALSE),0)-IF(OR($P33="",$P33="없음"),0,100000)),0) -> 0 | K33: {=IF($O33="방문완료",IFERROR(INDEX(설정_코스수당!$B$15:$F$64,MATCH($G33,설정_코스수당!$A$15:$A$64,0),MATCH($E33&"수당",설정_코스수당!$B$14:$F$14,0)),0),0)} -> 0 | L33: {=IF($O33="방문완료",IF($H33="",0,IFERROR(INDEX(설정_코스수당!$B$15:$F$64,MATCH($H33,설정_코스수당!$A$15:$A$64,0),MATCH($E33&"수당",설정_코스수당!$B$14:$F$14,0)),0)),0)} -> 0 | M33: =IF($O33="방문완료",IFERROR(VLOOKUP($E33,설정_코스수당!$A$6:$H$10,6,FALSE),0),0) -> 0 | N33: =IF($O33="방문완료",1,0) -> 0
A34: 21 | B34: =IF(1<=DAY(DATE(YEAR(설정_코스수당!$K$2),MONTH(설정_코스수당!$K$2)+1,0)),DATE(YEAR(설정_코스수당!$K$2),MONTH(설정_코스수당!$K$2),1),"") -> 46174 | J34: =IF($O34="방문완료",MAX(0,IFERROR(VLOOKUP($E34,설정_코스수당!$A$6:$H$10,4,FALSE),0)-IF(OR($P34="",$P34="없음"),0,100000)),0) -> 0 | K34: {=IF($O34="방문완료",IFERROR(INDEX(설정_코스수당!$B$15:$F$64,MATCH($G34,설정_코스수당!$A$15:$A$64,0),MATCH($E34&"수당",설정_코스수당!$B$14:$F$14,0)),0),0)} -> 0 | L34: {=IF($O34="방문완료",IF($H34="",0,IFERROR(INDEX(설정_코스수당!$B$15:$F$64,MATCH($H34,설정_코스수당!$A$15:$A$64,0),MATCH($E34&"수당",설정_코스수당!$B$14:$F$14,0)),0)),0)} -> 0 | M34: =IF($O34="방문완료",IFERROR(VLOOKUP($E34,설정_코스수당!$A$6:$H$10,6,FALSE),0),0) -> 0 | N34: =IF($O34="방문완료",1,0) -> 0
A35: 22 | B35: =IF(1<=DAY(DATE(YEAR(설정_코스수당!$K$2),MONTH(설정_코스수당!$K$2)+1,0)),DATE(YEAR(설정_코스수당!$K$2),MONTH(설정_코스수당!$K$2),1),"") -> 46174 | J35: =IF($O35="방문완료",MAX(0,IFERROR(VLOOKUP($E35,설정_코스수당!$A$6:$H$10,4,FALSE),0)-IF(OR($P35="",$P35="없음"),0,100000)),0) -> 0 | K35: {=IF($O35="방문완료",IFERROR(INDEX(설정_코스수당!$B$15:$F$64,MATCH($G35,설정_코스수당!$A$15:$A$64,0),MATCH($E35&"수당",설정_코스수당!$B$14:$F$14,0)),0),0)} -> 0 | L35: {=IF($O35="방문완료",IF($H35="",0,IFERROR(INDEX(설정_코스수당!$B$15:$F$64,MATCH($H35,설정_코스수당!$A$15:$A$64,0),MATCH($E35&"수당",설정_코스수당!$B$14:$F$14,0)),0)),0)} -> 0 | M35: =IF($O35="방문완료",IFERROR(VLOOKUP($E35,설정_코스수당!$A$6:$H$10,6,FALSE),0),0) -> 0 | N35: =IF($O35="방문완료",1,0) -> 0
A36: 23 | B36: =IF(1<=DAY(DATE(YEAR(설정_코스수당!$K$2),MONTH(설정_코스수당!$K$2)+1,0)),DATE(YEAR(설정_코스수당!$K$2),MONTH(설정_코스수당!$K$2),1),"") -> 46174 | J36: =IF($O36="방문완료",MAX(0,IFERROR(VLOOKUP($E36,설정_코스수당!$A$6:$H$10,4,FALSE),0)-IF(OR($P36="",$P36="없음"),0,100000)),0) -> 0 | K36: {=IF($O36="방문완료",IFERROR(INDEX(설정_코스수당!$B$15:$F$64,MATCH($G36,설정_코스수당!$A$15:$A$64,0),MATCH($E36&"수당",설정_코스수당!$B$14:$F$14,0)),0),0)} -> 0 | L36: {=IF($O36="방문완료",IF($H36="",0,IFERROR(INDEX(설정_코스수당!$B$15:$F$64,MATCH($H36,설정_코스수당!$A$15:$A$64,0),MATCH($E36&"수당",설정_코스수당!$B$14:$F$14,0)),0)),0)} -> 0 | M36: =IF($O36="방문완료",IFERROR(VLOOKUP($E36,설정_코스수당!$A$6:$H$10,6,FALSE),0),0) -> 0 | N36: =IF($O36="방문완료",1,0) -> 0
... A113: 100 | B113: =IF(1<=DAY(DATE(YEAR(설정_코스수당!$K$2),MONTH(설정_코스수당!$K$2)+1,0)),DATE(YEAR(설정_코스수당!$K$2),MONTH(설정_코스수당!$K$2),1),"") -> 46174 | J113: =IF($O113="방문완료",MAX(0,IFERROR(VLOOKUP($E113,설정_코스수당!$A$6:$H$10,4,FALSE),0)-IF(OR($P113="",$P113="없음"),0,100000)),0) -> 0 | K113: {=IF($O113="방문완료",IFERROR(INDEX(설정_코스수당!$B$15:$F$64,MATCH($G113,설정_코스수당!$A$15:$A$64,0),MATCH($E113&"수당",설정_코스수당!$B$14:$F$14,0)),0),0)} -> 0 | L113: {=IF($O113="방문완료",IF($H113="",0,IFERROR(INDEX(설정_코스수당!$B$15:$F$64,MATCH($H113,설정_코스수당!$A$15:$A$64,0),MATCH($E113&"수당",설정_코스수당!$B$14:$F$14,0)),0)),0)} -> 0 | M113: =IF($O113="방문완료",IFERROR(VLOOKUP($E113,설정_코스수당!$A$6:$H$10,6,FALSE),0),0) -> 0 | N113: =IF($O113="방문완료",1,0) -> 0
A114: 일일 입력 끝 | J114: =IF($O114="방문완료",MAX(0,IFERROR(VLOOKUP($E114,설정_코스수당!$A$6:$H$10,4,FALSE),0)-IF(OR($P114="",$P114="없음"),0,100000)),0) -> 0
A115: =IF(2<=DAY(DATE(YEAR(설정_코스수당!$K$2),MONTH(설정_코스수당!$K$2)+1,0)),TEXT(DATE(YEAR(설정_코스수당!$K$2),MONTH(설정_코스수당!$K$2),2),"yyyy-mm-dd")&" | 예약관리 100슬롯","") -> 2026-06-02 | 예약관리 100슬롯
A116: 번호 | B116: 날짜 | C116: 시간 | D116: 방번호 | E116: 코스 | F116: 고객/메모 | G116: 마사지사1 | H116: 마사지사2 | I116: 귀케어담당 | J116: 결제금액 | K116: 마사지사1수당 | L116: 마사지사2수당 | M116: 귀케어풀 | N116: 콜인정 | O116: 예약상태 | P116: 할인구분 | Q116: 결제수단 | R116: 비고 | S116: 확인 | U116: =IF(2<=DAY(DATE(YEAR(설정_코스수당!$K$2),MONTH(설정_코스수당!$K$2)+1,0)),TEXT(DATE(YEAR(설정_코스수당!$K$2),MONTH(설정_코스수당!$K$2),2),"yyyy-mm-dd")&" 일일 상태","") -> 2026-06-02 일일 상태 | W116: 방문완료 코스별
A117: 1 | B117: =IF(2<=DAY(DATE(YEAR(설정_코스수당!$K$2),MONTH(설정_코스수당!$K$2)+1,0)),DATE(YEAR(설정_코스수당!$K$2),MONTH(설정_코스수당!$K$2),2),"") -> 46175 | J117: =IF($O117="방문완료",MAX(0,IFERROR(VLOOKUP($E117,설정_코스수당!$A$6:$H$10,4,FALSE),0)-IF(OR($P117="",$P117="없음"),0,100000)),0) -> 0 | K117: {=IF($O117="방문완료",IFERROR(INDEX(설정_코스수당!$B$15:$F$64,MATCH($G117,설정_코스수당!$A$15:$A$64,0),MATCH($E117&"수당",설정_코스수당!$B$14:$F$14,0)),0),0)} -> 0 | L117: {=IF($O117="방문완료",IF($H117="",0,IFERROR(INDEX(설정_코스수당!$B$15:$F$64,MATCH($H117,설정_코스수당!$A$15:$A$64,0),MATCH($E117&"수당",설정_코스수당!$B$14:$F$14,0)),0)),0)} -> 0 | M117: =IF($O117="방문완료",IFERROR(VLOOKUP($E117,설정_코스수당!$A$6:$H$10,6,FALSE),0),0) -> 0 | N117: =IF($O117="방문완료",1,0) -> 0 | U117: 예약건수 | V117: =IF(2<=DAY(DATE(YEAR(설정_코스수당!$K$2),MONTH(설정_코스수당!$K$2)+1,0)),COUNTIFS($B:$B,DATE(YEAR(설정_코스수당!$K$2),MONTH(설정_코스수당!$K$2),2),$O:$O,"<>"),"") -> 0 | W117: A코스 | X117: =IF(2<=DAY(DATE(YEAR(설정_코스수당!$K$2),MONTH(설정_코스수당!$K$2)+1,0)),COUNTIFS($B:$B,DATE(YEAR(설정_코스수당!$K$2),MONTH(설정_코스수당!$K$2),2),$E:$E,"A",$O:$O,"방문완료"),"") -> 0
A118: 2 | B118: =IF(2<=DAY(DATE(YEAR(설정_코스수당!$K$2),MONTH(설정_코스수당!$K$2)+1,0)),DATE(YEAR(설정_코스수당!$K$2),MONTH(설정_코스수당!$K$2),2),"") -> 46175 | J118: =IF($O118="방문완료",MAX(0,IFERROR(VLOOKUP($E118,설정_코스수당!$A$6:$H$10,4,FALSE),0)-IF(OR($P118="",$P118="없음"),0,100000)),0) -> 0 | K118: {=IF($O118="방문완료",IFERROR(INDEX(설정_코스수당!$B$15:$F$64,MATCH($G118,설정_코스수당!$A$15:$A$64,0),MATCH($E118&"수당",설정_코스수당!$B$14:$F$14,0)),0),0)} -> 0 | L118: {=IF($O118="방문완료",IF($H118="",0,IFERROR(INDEX(설정_코스수당!$B$15:$F$64,MATCH($H118,설정_코스수당!$A$15:$A$64,0),MATCH($E118&"수당",설정_코스수당!$B$14:$F$14,0)),0)),0)} -> 0 | M118: =IF($O118="방문완료",IFERROR(VLOOKUP($E118,설정_코스수당!$A$6:$H$10,6,FALSE),0),0) -> 0 | N118: =IF($O118="방문완료",1,0) -> 0 | U118: 방문완료 | V118: =IF(2<=DAY(DATE(YEAR(설정_코스수당!$K$2),MONTH(설정_코스수당!$K$2)+1,0)),COUNTIFS($B:$B,DATE(YEAR(설정_코스수당!$K$2),MONTH(설정_코스수당!$K$2),2),$O:$O,"방문완료"),"") -> 0 | W118: B코스 | X118: =IF(2<=DAY(DATE(YEAR(설정_코스수당!$K$2),MONTH(설정_코스수당!$K$2)+1,0)),COUNTIFS($B:$B,DATE(YEAR(설정_코스수당!$K$2),MONTH(설정_코스수당!$K$2),2),$E:$E,"B",$O:$O,"방문완료"),"") -> 0
A119: 3 | B119: =IF(2<=DAY(DATE(YEAR(설정_코스수당!$K$2),MONTH(설정_코스수당!$K$2)+1,0)),DATE(YEAR(설정_코스수당!$K$2),MONTH(설정_코스수당!$K$2),2),"") -> 46175 | J119: =IF($O119="방문완료",MAX(0,IFERROR(VLOOKUP($E119,설정_코스수당!$A$6:$H$10,4,FALSE),0)-IF(OR($P119="",$P119="없음"),0,100000)),0) -> 0 | K119: {=IF($O119="방문완료",IFERROR(INDEX(설정_코스수당!$B$15:$F$64,MATCH($G119,설정_코스수당!$A$15:$A$64,0),MATCH($E119&"수당",설정_코스수당!$B$14:$F$14,0)),0),0)} -> 0 | L119: {=IF($O119="방문완료",IF($H119="",0,IFERROR(INDEX(설정_코스수당!$B$15:$F$64,MATCH($H119,설정_코스수당!$A$15:$A$64,0),MATCH($E119&"수당",설정_코스수당!$B$14:$F$14,0)),0)),0)} -> 0 | M119: =IF($O119="방문완료",IFERROR(VLOOKUP($E119,설정_코스수당!$A$6:$H$10,6,FALSE),0),0) -> 0 | N119: =IF($O119="방문완료",1,0) -> 0 | U119: 노쇼/취소 | V119: =IF(2<=DAY(DATE(YEAR(설정_코스수당!$K$2),MONTH(설정_코스수당!$K$2)+1,0)),COUNTIFS($B:$B,DATE(YEAR(설정_코스수당!$K$2),MONTH(설정_코스수당!$K$2),2),$O:$O,"노쇼")&"/"&COUNTIFS($B:$B,DATE(YEAR(설정_코스수당!$K$2),MONTH(설정_코스수당!$K$2),2),$O:$O,"취소"),"") -> 0/0 | W119: C코스 | X119: =IF(2<=DAY(DATE(YEAR(설정_코스수당!$K$2),MONTH(설정_코스수당!$K$2)+1,0)),COUNTIFS($B:$B,DATE(YEAR(설정_코스수당!$K$2),MONTH(설정_코스수당!$K$2),2),$E:$E,"C",$O:$O,"방문완료"),"") -> 0
A120: 4 | B120: =IF(2<=DAY(DATE(YEAR(설정_코스수당!$K$2),MONTH(설정_코스수당!$K$2)+1,0)),DATE(YEAR(설정_코스수당!$K$2),MONTH(설정_코스수당!$K$2),2),"") -> 46175 | J120: =IF($O120="방문완료",MAX(0,IFERROR(VLOOKUP($E120,설정_코스수당!$A$6:$H$10,4,FALSE),0)-IF(OR($P120="",$P120="없음"),0,100000)),0) -> 0 | K120: {=IF($O120="방문완료",IFERROR(INDEX(설정_코스수당!$B$15:$F$64,MATCH($G120,설정_코스수당!$A$15:$A$64,0),MATCH($E120&"수당",설정_코스수당!$B$14:$F$14,0)),0),0)} -> 0 | L120: {=IF($O120="방문완료",IF($H120="",0,IFERROR(INDEX(설정_코스수당!$B$15:$F$64,MATCH($H120,설정_코스수당!$A$15:$A$64,0),MATCH($E120&"수당",설정_코스수당!$B$14:$F$14,0)),0)),0)} -> 0 | M120: =IF($O120="방문완료",IFERROR(VLOOKUP($E120,설정_코스수당!$A$6:$H$10,6,FALSE),0),0) -> 0 | N120: =IF($O120="방문완료",1,0) -> 0 | U120: 결제합계 | V120: =IF(2<=DAY(DATE(YEAR(설정_코스수당!$K$2),MONTH(설정_코스수당!$K$2)+1,0)),SUMIFS($J:$J,$B:$B,DATE(YEAR(설정_코스수당!$K$2),MONTH(설정_코스수당!$K$2),2),$O:$O,"방문완료"),"") -> 0 | W120: D코스 | X120: =IF(2<=DAY(DATE(YEAR(설정_코스수당!$K$2),MONTH(설정_코스수당!$K$2)+1,0)),COUNTIFS($B:$B,DATE(YEAR(설정_코스수당!$K$2),MONTH(설정_코스수당!$K$2),2),$E:$E,"D",$O:$O,"방문완료"),"") -> 0
A121: 5 | B121: =IF(2<=DAY(DATE(YEAR(설정_코스수당!$K$2),MONTH(설정_코스수당!$K$2)+1,0)),DATE(YEAR(설정_코스수당!$K$2),MONTH(설정_코스수당!$K$2),2),"") -> 46175 | J121: =IF($O121="방문완료",MAX(0,IFERROR(VLOOKUP($E121,설정_코스수당!$A$6:$H$10,4,FALSE),0)-IF(OR($P121="",$P121="없음"),0,100000)),0) -> 0 | K121: {=IF($O121="방문완료",IFERROR(INDEX(설정_코스수당!$B$15:$F$64,MATCH($G121,설정_코스수당!$A$15:$A$64,0),MATCH($E121&"수당",설정_코스수당!$B$14:$F$14,0)),0),0)} -> 0 | L121: {=IF($O121="방문완료",IF($H121="",0,IFERROR(INDEX(설정_코스수당!$B$15:$F$64,MATCH($H121,설정_코스수당!$A$15:$A$64,0),MATCH($E121&"수당",설정_코스수당!$B$14:$F$14,0)),0)),0)} -> 0 | M121: =IF($O121="방문완료",IFERROR(VLOOKUP($E121,설정_코스수당!$A$6:$H$10,6,FALSE),0),0) -> 0 | N121: =IF($O121="방문완료",1,0) -> 0 | U121: 마사지사 정산 | V121: =IF(2<=DAY(DATE(YEAR(설정_코스수당!$K$2),MONTH(설정_코스수당!$K$2)+1,0)),SUMIFS($K:$K,$B:$B,DATE(YEAR(설정_코스수당!$K$2),MONTH(설정_코스수당!$K$2),2),$O:$O,"방문완료")+SUMIFS($L:$L,$B:$B,DATE(YEAR(설정_코스수당!$K$2),MONTH(설정_코스수당!$K$2),2),$O:$O,"방문완료"),"") -> 0 | W121: E코스 | X121: =IF(2<=DAY(DATE(YEAR(설정_코스수당!$K$2),MONTH(설정_코스수당!$K$2)+1,0)),COUNTIFS($B:$B,DATE(YEAR(설정_코스수당!$K$2),MONTH(설정_코스수당!$K$2),2),$E:$E,"E",$O:$O,"방문완료"),"") -> 0
A122: 6 | B122: =IF(2<=DAY(DATE(YEAR(설정_코스수당!$K$2),MONTH(설정_코스수당!$K$2)+1,0)),DATE(YEAR(설정_코스수당!$K$2),MONTH(설정_코스수당!$K$2),2),"") -> 46175 | J122: =IF($O122="방문완료",MAX(0,IFERROR(VLOOKUP($E122,설정_코스수당!$A$6:$H$10,4,FALSE),0)-IF(OR($P122="",$P122="없음"),0,100000)),0) -> 0 | K122: {=IF($O122="방문완료",IFERROR(INDEX(설정_코스수당!$B$15:$F$64,MATCH($G122,설정_코스수당!$A$15:$A$64,0),MATCH($E122&"수당",설정_코스수당!$B$14:$F$14,0)),0),0)} -> 0 | L122: {=IF($O122="방문완료",IF($H122="",0,IFERROR(INDEX(설정_코스수당!$B$15:$F$64,MATCH($H122,설정_코스수당!$A$15:$A$64,0),MATCH($E122&"수당",설정_코스수당!$B$14:$F$14,0)),0)),0)} -> 0 | M122: =IF($O122="방문완료",IFERROR(VLOOKUP($E122,설정_코스수당!$A$6:$H$10,6,FALSE),0),0) -> 0 | N122: =IF($O122="방문완료",1,0) -> 0 | U122: 귀케어풀 | V122: =IF(2<=DAY(DATE(YEAR(설정_코스수당!$K$2),MONTH(설정_코스수당!$K$2)+1,0)),SUMIFS($M:$M,$B:$B,DATE(YEAR(설정_코스수당!$K$2),MONTH(설정_코스수당!$K$2),2),$O:$O,"방문완료"),"") -> 0 | W122: 할인건수 | X122: =IF(2<=DAY(DATE(YEAR(설정_코스수당!$K$2),MONTH(설정_코스수당!$K$2)+1,0)),COUNTIFS($B:$B,DATE(YEAR(설정_코스수당!$K$2),MONTH(설정_코스수당!$K$2),2),$O:$O,"방문완료",$P:$P,"<>",$P:$P,"<>없음"),"") -> 0
A123: 7 | B123: =IF(2<=DAY(DATE(YEAR(설정_코스수당!$K$2),MONTH(설정_코스수당!$K$2)+1,0)),DATE(YEAR(설정_코스수당!$K$2),MONTH(설정_코스수당!$K$2),2),"") -> 46175 | J123: =IF($O123="방문완료",MAX(0,IFERROR(VLOOKUP($E123,설정_코스수당!$A$6:$H$10,4,FALSE),0)-IF(OR($P123="",$P123="없음"),0,100000)),0) -> 0 | K123: {=IF($O123="방문완료",IFERROR(INDEX(설정_코스수당!$B$15:$F$64,MATCH($G123,설정_코스수당!$A$15:$A$64,0),MATCH($E123&"수당",설정_코스수당!$B$14:$F$14,0)),0),0)} -> 0 | L123: {=IF($O123="방문완료",IF($H123="",0,IFERROR(INDEX(설정_코스수당!$B$15:$F$64,MATCH($H123,설정_코스수당!$A$15:$A$64,0),MATCH($E123&"수당",설정_코스수당!$B$14:$F$14,0)),0)),0)} -> 0 | M123: =IF($O123="방문완료",IFERROR(VLOOKUP($E123,설정_코스수당!$A$6:$H$10,6,FALSE),0),0) -> 0 | N123: =IF($O123="방문완료",1,0) -> 0 | U123: 할인합계 | V123: =IF(2<=DAY(DATE(YEAR(설정_코스수당!$K$2),MONTH(설정_코스수당!$K$2)+1,0)),COUNTIFS($B:$B,DATE(YEAR(설정_코스수당!$K$2),MONTH(설정_코스수당!$K$2),2),$O:$O,"방문완료",$P:$P,"<>",$P:$P,"<>없음")*100000,"") -> 0 | W123: 마사지사담당 | X123: =IF(2<=DAY(DATE(YEAR(설정_코스수당!$K$2),MONTH(설정_코스수당!$K$2)+1,0)),COUNTIFS($B:$B,DATE(YEAR(설정_코스수당!$K$2),MONTH(설정_코스수당!$K$2),2),$G:$G,"<>",$O:$O,"방문완료")+COUNTIFS($B:$B,DATE(YEAR(설정_코스수당!$K$2),MONTH(설정_코스수당!$K$2),2),$H:$H,"<>",$O:$O,"방문완료"),"") -> 0
A124: 8 | B124: =IF(2<=DAY(DATE(YEAR(설정_코스수당!$K$2),MONTH(설정_코스수당!$K$2)+1,0)),DATE(YEAR(설정_코스수당!$K$2),MONTH(설정_코스수당!$K$2),2),"") -> 46175 | J124: =IF($O124="방문완료",MAX(0,IFERROR(VLOOKUP($E124,설정_코스수당!$A$6:$H$10,4,FALSE),0)-IF(OR($P124="",$P124="없음"),0,100000)),0) -> 0 | K124: {=IF($O124="방문완료",IFERROR(INDEX(설정_코스수당!$B$15:$F$64,MATCH($G124,설정_코스수당!$A$15:$A$64,0),MATCH($E124&"수당",설정_코스수당!$B$14:$F$14,0)),0),0)} -> 0 | L124: {=IF($O124="방문완료",IF($H124="",0,IFERROR(INDEX(설정_코스수당!$B$15:$F$64,MATCH($H124,설정_코스수당!$A$15:$A$64,0),MATCH($E124&"수당",설정_코스수당!$B$14:$F$14,0)),0)),0)} -> 0 | M124: =IF($O124="방문완료",IFERROR(VLOOKUP($E124,설정_코스수당!$A$6:$H$10,6,FALSE),0),0) -> 0 | N124: =IF($O124="방문완료",1,0) -> 0 | U124: 지출합계 | V124: =IF(2<=DAY(DATE(YEAR(설정_코스수당!$K$2),MONTH(설정_코스수당!$K$2)+1,0)),SUM($U$128:$U$135),"") -> 0 | W124: =IF(2<=DAY(DATE(YEAR(설정_코스수당!$K$2),MONTH(설정_코스수당!$K$2)+1,0)),"계 : "&TEXT(V120-V124,"#,##0")&" 동","") -> 계 : 0 동
A125: 9 | B125: =IF(2<=DAY(DATE(YEAR(설정_코스수당!$K$2),MONTH(설정_코스수당!$K$2)+1,0)),DATE(YEAR(설정_코스수당!$K$2),MONTH(설정_코스수당!$K$2),2),"") -> 46175 | J125: =IF($O125="방문완료",MAX(0,IFERROR(VLOOKUP($E125,설정_코스수당!$A$6:$H$10,4,FALSE),0)-IF(OR($P125="",$P125="없음"),0,100000)),0) -> 0 | K125: {=IF($O125="방문완료",IFERROR(INDEX(설정_코스수당!$B$15:$F$64,MATCH($G125,설정_코스수당!$A$15:$A$64,0),MATCH($E125&"수당",설정_코스수당!$B$14:$F$14,0)),0),0)} -> 0 | L125: {=IF($O125="방문완료",IF($H125="",0,IFERROR(INDEX(설정_코스수당!$B$15:$F$64,MATCH($H125,설정_코스수당!$A$15:$A$64,0),MATCH($E125&"수당",설정_코스수당!$B$14:$F$14,0)),0)),0)} -> 0 | M125: =IF($O125="방문완료",IFERROR(VLOOKUP($E125,설정_코스수당!$A$6:$H$10,6,FALSE),0),0) -> 0 | N125: =IF($O125="방문완료",1,0) -> 0
A126: 10 | B126: =IF(2<=DAY(DATE(YEAR(설정_코스수당!$K$2),MONTH(설정_코스수당!$K$2)+1,0)),DATE(YEAR(설정_코스수당!$K$2),MONTH(설정_코스수당!$K$2),2),"") -> 46175 | J126: =IF($O126="방문완료",MAX(0,IFERROR(VLOOKUP($E126,설정_코스수당!$A$6:$H$10,4,FALSE),0)-IF(OR($P126="",$P126="없음"),0,100000)),0) -> 0 | K126: {=IF($O126="방문완료",IFERROR(INDEX(설정_코스수당!$B$15:$F$64,MATCH($G126,설정_코스수당!$A$15:$A$64,0),MATCH($E126&"수당",설정_코스수당!$B$14:$F$14,0)),0),0)} -> 0 | L126: {=IF($O126="방문완료",IF($H126="",0,IFERROR(INDEX(설정_코스수당!$B$15:$F$64,MATCH($H126,설정_코스수당!$A$15:$A$64,0),MATCH($E126&"수당",설정_코스수당!$B$14:$F$14,0)),0)),0)} -> 0 | M126: =IF($O126="방문완료",IFERROR(VLOOKUP($E126,설정_코스수당!$A$6:$H$10,6,FALSE),0),0) -> 0 | N126: =IF($O126="방문완료",1,0) -> 0 | U126: 지출 입력
A127: 11 | B127: =IF(2<=DAY(DATE(YEAR(설정_코스수당!$K$2),MONTH(설정_코스수당!$K$2)+1,0)),DATE(YEAR(설정_코스수당!$K$2),MONTH(설정_코스수당!$K$2),2),"") -> 46175 | J127: =IF($O127="방문완료",MAX(0,IFERROR(VLOOKUP($E127,설정_코스수당!$A$6:$H$10,4,FALSE),0)-IF(OR($P127="",$P127="없음"),0,100000)),0) -> 0 | K127: {=IF($O127="방문완료",IFERROR(INDEX(설정_코스수당!$B$15:$F$64,MATCH($G127,설정_코스수당!$A$15:$A$64,0),MATCH($E127&"수당",설정_코스수당!$B$14:$F$14,0)),0),0)} -> 0 | L127: {=IF($O127="방문완료",IF($H127="",0,IFERROR(INDEX(설정_코스수당!$B$15:$F$64,MATCH($H127,설정_코스수당!$A$15:$A$64,0),MATCH($E127&"수당",설정_코스수당!$B$14:$F$14,0)),0)),0)} -> 0 | M127: =IF($O127="방문완료",IFERROR(VLOOKUP($E127,설정_코스수당!$A$6:$H$10,6,FALSE),0),0) -> 0 | N127: =IF($O127="방문완료",1,0) -> 0 | U127: 지출금액 | V127: 내용 | W127: 담당자 | X127: 비고
A128: 12 | B128: =IF(2<=DAY(DATE(YEAR(설정_코스수당!$K$2),MONTH(설정_코스수당!$K$2)+1,0)),DATE(YEAR(설정_코스수당!$K$2),MONTH(설정_코스수당!$K$2),2),"") -> 46175 | J128: =IF($O128="방문완료",MAX(0,IFERROR(VLOOKUP($E128,설정_코스수당!$A$6:$H$10,4,FALSE),0)-IF(OR($P128="",$P128="없음"),0,100000)),0) -> 0 | K128: {=IF($O128="방문완료",IFERROR(INDEX(설정_코스수당!$B$15:$F$64,MATCH($G128,설정_코스수당!$A$15:$A$64,0),MATCH($E128&"수당",설정_코스수당!$B$14:$F$14,0)),0),0)} -> 0 | L128: {=IF($O128="방문완료",IF($H128="",0,IFERROR(INDEX(설정_코스수당!$B$15:$F$64,MATCH($H128,설정_코스수당!$A$15:$A$64,0),MATCH($E128&"수당",설정_코스수당!$B$14:$F$14,0)),0)),0)} -> 0 | M128: =IF($O128="방문완료",IFERROR(VLOOKUP($E128,설정_코스수당!$A$6:$H$10,6,FALSE),0),0) -> 0 | N128: =IF($O128="방문완료",1,0) -> 0
A129: 13 | B129: =IF(2<=DAY(DATE(YEAR(설정_코스수당!$K$2),MONTH(설정_코스수당!$K$2)+1,0)),DATE(YEAR(설정_코스수당!$K$2),MONTH(설정_코스수당!$K$2),2),"") -> 46175 | J129: =IF($O129="방문완료",MAX(0,IFERROR(VLOOKUP($E129,설정_코스수당!$A$6:$H$10,4,FALSE),0)-IF(OR($P129="",$P129="없음"),0,100000)),0) -> 0 | K129: {=IF($O129="방문완료",IFERROR(INDEX(설정_코스수당!$B$15:$F$64,MATCH($G129,설정_코스수당!$A$15:$A$64,0),MATCH($E129&"수당",설정_코스수당!$B$14:$F$14,0)),0),0)} -> 0 | L129: {=IF($O129="방문완료",IF($H129="",0,IFERROR(INDEX(설정_코스수당!$B$15:$F$64,MATCH($H129,설정_코스수당!$A$15:$A$64,0),MATCH($E129&"수당",설정_코스수당!$B$14:$F$14,0)),0)),0)} -> 0 | M129: =IF($O129="방문완료",IFERROR(VLOOKUP($E129,설정_코스수당!$A$6:$H$10,6,FALSE),0),0) -> 0 | N129: =IF($O129="방문완료",1,0) -> 0
A130: 14 | B130: =IF(2<=DAY(DATE(YEAR(설정_코스수당!$K$2),MONTH(설정_코스수당!$K$2)+1,0)),DATE(YEAR(설정_코스수당!$K$2),MONTH(설정_코스수당!$K$2),2),"") -> 46175 | J130: =IF($O130="방문완료",MAX(0,IFERROR(VLOOKUP($E130,설정_코스수당!$A$6:$H$10,4,FALSE),0)-IF(OR($P130="",$P130="없음"),0,100000)),0) -> 0 | K130: {=IF($O130="방문완료",IFERROR(INDEX(설정_코스수당!$B$15:$F$64,MATCH($G130,설정_코스수당!$A$15:$A$64,0),MATCH($E130&"수당",설정_코스수당!$B$14:$F$14,0)),0),0)} -> 0 | L130: {=IF($O130="방문완료",IF($H130="",0,IFERROR(INDEX(설정_코스수당!$B$15:$F$64,MATCH($H130,설정_코스수당!$A$15:$A$64,0),MATCH($E130&"수당",설정_코스수당!$B$14:$F$14,0)),0)),0)} -> 0 | M130: =IF($O130="방문완료",IFERROR(VLOOKUP($E130,설정_코스수당!$A$6:$H$10,6,FALSE),0),0) -> 0 | N130: =IF($O130="방문완료",1,0) -> 0
A131: 15 | B131: =IF(2<=DAY(DATE(YEAR(설정_코스수당!$K$2),MONTH(설정_코스수당!$K$2)+1,0)),DATE(YEAR(설정_코스수당!$K$2),MONTH(설정_코스수당!$K$2),2),"") -> 46175 | J131: =IF($O131="방문완료",MAX(0,IFERROR(VLOOKUP($E131,설정_코스수당!$A$6:$H$10,4,FALSE),0)-IF(OR($P131="",$P131="없음"),0,100000)),0) -> 0 | K131: {=IF($O131="방문완료",IFERROR(INDEX(설정_코스수당!$B$15:$F$64,MATCH($G131,설정_코스수당!$A$15:$A$64,0),MATCH($E131&"수당",설정_코스수당!$B$14:$F$14,0)),0),0)} -> 0 | L131: {=IF($O131="방문완료",IF($H131="",0,IFERROR(INDEX(설정_코스수당!$B$15:$F$64,MATCH($H131,설정_코스수당!$A$15:$A$64,0),MATCH($E131&"수당",설정_코스수당!$B$14:$F$14,0)),0)),0)} -> 0 | M131: =IF($O131="방문완료",IFERROR(VLOOKUP($E131,설정_코스수당!$A$6:$H$10,6,FALSE),0),0) -> 0 | N131: =IF($O131="방문완료",1,0) -> 0
A132: 16 | B132: =IF(2<=DAY(DATE(YEAR(설정_코스수당!$K$2),MONTH(설정_코스수당!$K$2)+1,0)),DATE(YEAR(설정_코스수당!$K$2),MONTH(설정_코스수당!$K$2),2),"") -> 46175 | J132: =IF($O132="방문완료",MAX(0,IFERROR(VLOOKUP($E132,설정_코스수당!$A$6:$H$10,4,FALSE),0)-IF(OR($P132="",$P132="없음"),0,100000)),0) -> 0 | K132: {=IF($O132="방문완료",IFERROR(INDEX(설정_코스수당!$B$15:$F$64,MATCH($G132,설정_코스수당!$A$15:$A$64,0),MATCH($E132&"수당",설정_코스수당!$B$14:$F$14,0)),0),0)} -> 0 | L132: {=IF($O132="방문완료",IF($H132="",0,IFERROR(INDEX(설정_코스수당!$B$15:$F$64,MATCH($H132,설정_코스수당!$A$15:$A$64,0),MATCH($E132&"수당",설정_코스수당!$B$14:$F$14,0)),0)),0)} -> 0 | M132: =IF($O132="방문완료",IFERROR(VLOOKUP($E132,설정_코스수당!$A$6:$H$10,6,FALSE),0),0) -> 0 | N132: =IF($O132="방문완료",1,0) -> 0
A133: 17 | B133: =IF(2<=DAY(DATE(YEAR(설정_코스수당!$K$2),MONTH(설정_코스수당!$K$2)+1,0)),DATE(YEAR(설정_코스수당!$K$2),MONTH(설정_코스수당!$K$2),2),"") -> 46175 | J133: =IF($O133="방문완료",MAX(0,IFERROR(VLOOKUP($E133,설정_코스수당!$A$6:$H$10,4,FALSE),0)-IF(OR($P133="",$P133="없음"),0,100000)),0) -> 0 | K133: {=IF($O133="방문완료",IFERROR(INDEX(설정_코스수당!$B$15:$F$64,MATCH($G133,설정_코스수당!$A$15:$A$64,0),MATCH($E133&"수당",설정_코스수당!$B$14:$F$14,0)),0),0)} -> 0 | L133: {=IF($O133="방문완료",IF($H133="",0,IFERROR(INDEX(설정_코스수당!$B$15:$F$64,MATCH($H133,설정_코스수당!$A$15:$A$64,0),MATCH($E133&"수당",설정_코스수당!$B$14:$F$14,0)),0)),0)} -> 0 | M133: =IF($O133="방문완료",IFERROR(VLOOKUP($E133,설정_코스수당!$A$6:$H$10,6,FALSE),0),0) -> 0 | N133: =IF($O133="방문완료",1,0) -> 0
A134: 18 | B134: =IF(2<=DAY(DATE(YEAR(설정_코스수당!$K$2),MONTH(설정_코스수당!$K$2)+1,0)),DATE(YEAR(설정_코스수당!$K$2),MONTH(설정_코스수당!$K$2),2),"") -> 46175 | J134: =IF($O134="방문완료",MAX(0,IFERROR(VLOOKUP($E134,설정_코스수당!$A$6:$H$10,4,FALSE),0)-IF(OR($P134="",$P134="없음"),0,100000)),0) -> 0 | K134: {=IF($O134="방문완료",IFERROR(INDEX(설정_코스수당!$B$15:$F$64,MATCH($G134,설정_코스수당!$A$15:$A$64,0),MATCH($E134&"수당",설정_코스수당!$B$14:$F$14,0)),0),0)} -> 0 | L134: {=IF($O134="방문완료",IF($H134="",0,IFERROR(INDEX(설정_코스수당!$B$15:$F$64,MATCH($H134,설정_코스수당!$A$15:$A$64,0),MATCH($E134&"수당",설정_코스수당!$B$14:$F$14,0)),0)),0)} -> 0 | M134: =IF($O134="방문완료",IFERROR(VLOOKUP($E134,설정_코스수당!$A$6:$H$10,6,FALSE),0),0) -> 0 | N134: =IF($O134="방문완료",1,0) -> 0
A135: 19 | B135: =IF(2<=DAY(DATE(YEAR(설정_코스수당!$K$2),MONTH(설정_코스수당!$K$2)+1,0)),DATE(YEAR(설정_코스수당!$K$2),MONTH(설정_코스수당!$K$2),2),"") -> 46175 | J135: =IF($O135="방문완료",MAX(0,IFERROR(VLOOKUP($E135,설정_코스수당!$A$6:$H$10,4,FALSE),0)-IF(OR($P135="",$P135="없음"),0,100000)),0) -> 0 | K135: {=IF($O135="방문완료",IFERROR(INDEX(설정_코스수당!$B$15:$F$64,MATCH($G135,설정_코스수당!$A$15:$A$64,0),MATCH($E135&"수당",설정_코스수당!$B$14:$F$14,0)),0),0)} -> 0 | L135: {=IF($O135="방문완료",IF($H135="",0,IFERROR(INDEX(설정_코스수당!$B$15:$F$64,MATCH($H135,설정_코스수당!$A$15:$A$64,0),MATCH($E135&"수당",설정_코스수당!$B$14:$F$14,0)),0)),0)} -> 0 | M135: =IF($O135="방문완료",IFERROR(VLOOKUP($E135,설정_코스수당!$A$6:$H$10,6,FALSE),0),0) -> 0 | N135: =IF($O135="방문완료",1,0) -> 0
A136: 20 | B136: =IF(2<=DAY(DATE(YEAR(설정_코스수당!$K$2),MONTH(설정_코스수당!$K$2)+1,0)),DATE(YEAR(설정_코스수당!$K$2),MONTH(설정_코스수당!$K$2),2),"") -> 46175 | J136: =IF($O136="방문완료",MAX(0,IFERROR(VLOOKUP($E136,설정_코스수당!$A$6:$H$10,4,FALSE),0)-IF(OR($P136="",$P136="없음"),0,100000)),0) -> 0 | K136: {=IF($O136="방문완료",IFERROR(INDEX(설정_코스수당!$B$15:$F$64,MATCH($G136,설정_코스수당!$A$15:$A$64,0),MATCH($E136&"수당",설정_코스수당!$B$14:$F$14,0)),0),0)} -> 0 | L136: {=IF($O136="방문완료",IF($H136="",0,IFERROR(INDEX(설정_코스수당!$B$15:$F$64,MATCH($H136,설정_코스수당!$A$15:$A$64,0),MATCH($E136&"수당",설정_코스수당!$B$14:$F$14,0)),0)),0)} -> 0 | M136: =IF($O136="방문완료",IFERROR(VLOOKUP($E136,설정_코스수당!$A$6:$H$10,6,FALSE),0),0) -> 0 | N136: =IF($O136="방문완료",1,0) -> 0
A137: 21 | B137: =IF(2<=DAY(DATE(YEAR(설정_코스수당!$K$2),MONTH(설정_코스수당!$K$2)+1,0)),DATE(YEAR(설정_코스수당!$K$2),MONTH(설정_코스수당!$K$2),2),"") -> 46175 | J137: =IF($O137="방문완료",MAX(0,IFERROR(VLOOKUP($E137,설정_코스수당!$A$6:$H$10,4,FALSE),0)-IF(OR($P137="",$P137="없음"),0,100000)),0) -> 0 | K137: {=IF($O137="방문완료",IFERROR(INDEX(설정_코스수당!$B$15:$F$64,MATCH($G137,설정_코스수당!$A$15:$A$64,0),MATCH($E137&"수당",설정_코스수당!$B$14:$F$14,0)),0),0)} -> 0 | L137: {=IF($O137="방문완료",IF($H137="",0,IFERROR(INDEX(설정_코스수당!$B$15:$F$64,MATCH($H137,설정_코스수당!$A$15:$A$64,0),MATCH($E137&"수당",설정_코스수당!$B$14:$F$14,0)),0)),0)} -> 0 | M137: =IF($O137="방문완료",IFERROR(VLOOKUP($E137,설정_코스수당!$A$6:$H$10,6,FALSE),0),0) -> 0 | N137: =IF($O137="방문완료",1,0) -> 0
A138: 22 | B138: =IF(2<=DAY(DATE(YEAR(설정_코스수당!$K$2),MONTH(설정_코스수당!$K$2)+1,0)),DATE(YEAR(설정_코스수당!$K$2),MONTH(설정_코스수당!$K$2),2),"") -> 46175 | J138: =IF($O138="방문완료",MAX(0,IFERROR(VLOOKUP($E138,설정_코스수당!$A$6:$H$10,4,FALSE),0)-IF(OR($P138="",$P138="없음"),0,100000)),0) -> 0 | K138: {=IF($O138="방문완료",IFERROR(INDEX(설정_코스수당!$B$15:$F$64,MATCH($G138,설정_코스수당!$A$15:$A$64,0),MATCH($E138&"수당",설정_코스수당!$B$14:$F$14,0)),0),0)} -> 0 | L138: {=IF($O138="방문완료",IF($H138="",0,IFERROR(INDEX(설정_코스수당!$B$15:$F$64,MATCH($H138,설정_코스수당!$A$15:$A$64,0),MATCH($E138&"수당",설정_코스수당!$B$14:$F$14,0)),0)),0)} -> 0 | M138: =IF($O138="방문완료",IFERROR(VLOOKUP($E138,설정_코스수당!$A$6:$H$10,6,FALSE),0),0) -> 0 | N138: =IF($O138="방문완료",1,0) -> 0
A139: 23 | B139: =IF(2<=DAY(DATE(YEAR(설정_코스수당!$K$2),MONTH(설정_코스수당!$K$2)+1,0)),DATE(YEAR(설정_코스수당!$K$2),MONTH(설정_코스수당!$K$2),2),"") -> 46175 | J139: =IF($O139="방문완료",MAX(0,IFERROR(VLOOKUP($E139,설정_코스수당!$A$6:$H$10,4,FALSE),0)-IF(OR($P139="",$P139="없음"),0,100000)),0) -> 0 | K139: {=IF($O139="방문완료",IFERROR(INDEX(설정_코스수당!$B$15:$F$64,MATCH($G139,설정_코스수당!$A$15:$A$64,0),MATCH($E139&"수당",설정_코스수당!$B$14:$F$14,0)),0),0)} -> 0 | L139: {=IF($O139="방문완료",IF($H139="",0,IFERROR(INDEX(설정_코스수당!$B$15:$F$64,MATCH($H139,설정_코스수당!$A$15:$A$64,0),MATCH($E139&"수당",설정_코스수당!$B$14:$F$14,0)),0)),0)} -> 0 | M139: =IF($O139="방문완료",IFERROR(VLOOKUP($E139,설정_코스수당!$A$6:$H$10,6,FALSE),0),0) -> 0 | N139: =IF($O139="방문완료",1,0) -> 0
... A216: 100 | B216: =IF(2<=DAY(DATE(YEAR(설정_코스수당!$K$2),MONTH(설정_코스수당!$K$2)+1,0)),DATE(YEAR(설정_코스수당!$K$2),MONTH(설정_코스수당!$K$2),2),"") -> 46175 | J216: =IF($O216="방문완료",MAX(0,IFERROR(VLOOKUP($E216,설정_코스수당!$A$6:$H$10,4,FALSE),0)-IF(OR($P216="",$P216="없음"),0,100000)),0) -> 0 | K216: {=IF($O216="방문완료",IFERROR(INDEX(설정_코스수당!$B$15:$F$64,MATCH($G216,설정_코스수당!$A$15:$A$64,0),MATCH($E216&"수당",설정_코스수당!$B$14:$F$14,0)),0),0)} -> 0 | L216: {=IF($O216="방문완료",IF($H216="",0,IFERROR(INDEX(설정_코스수당!$B$15:$F$64,MATCH($H216,설정_코스수당!$A$15:$A$64,0),MATCH($E216&"수당",설정_코스수당!$B$14:$F$14,0)),0)),0)} -> 0 | M216: =IF($O216="방문완료",IFERROR(VLOOKUP($E216,설정_코스수당!$A$6:$H$10,6,FALSE),0),0) -> 0 | N216: =IF($O216="방문완료",1,0) -> 0
A217: 일일 입력 끝 | J217: =IF($O217="방문완료",MAX(0,IFERROR(VLOOKUP($E217,설정_코스수당!$A$6:$H$10,4,FALSE),0)-IF(OR($P217="",$P217="없음"),0,100000)),0) -> 0
A218: =IF(3<=DAY(DATE(YEAR(설정_코스수당!$K$2),MONTH(설정_코스수당!$K$2)+1,0)),TEXT(DATE(YEAR(설정_코스수당!$K$2),MONTH(설정_코스수당!$K$2),3),"yyyy-mm-dd")&" | 예약관리 100슬롯","") -> 2026-06-03 | 예약관리 100슬롯
A219: 번호 | B219: 날짜 | C219: 시간 | D219: 방번호 | E219: 코스 | F219: 고객/메모 | G219: 마사지사1 | H219: 마사지사2 | I219: 귀케어담당 | J219: 결제금액 | K219: 마사지사1수당 | L219: 마사지사2수당 | M219: 귀케어풀 | N219: 콜인정 | O219: 예약상태 | P219: 할인구분 | Q219: 결제수단 | R219: 비고 | S219: 확인 | U219: =IF(3<=DAY(DATE(YEAR(설정_코스수당!$K$2),MONTH(설정_코스수당!$K$2)+1,0)),TEXT(DATE(YEAR(설정_코스수당!$K$2),MONTH(설정_코스수당!$K$2),3),"yyyy-mm-dd")&" 일일 상태","") -> 2026-06-03 일일 상태 | W219: 방문완료 코스별
A220: 1 | B220: =IF(3<=DAY(DATE(YEAR(설정_코스수당!$K$2),MONTH(설정_코스수당!$K$2)+1,0)),DATE(YEAR(설정_코스수당!$K$2),MONTH(설정_코스수당!$K$2),3),"") -> 46176 | C220: 0.45833333 | J220: =IF($O220="방문완료",MAX(0,IFERROR(VLOOKUP($E220,설정_코스수당!$A$6:$H$10,4,FALSE),0)-IF(OR($P220="",$P220="없음"),0,100000)),0) -> 0 | K220: {=IF($O220="방문완료",IFERROR(INDEX(설정_코스수당!$B$15:$F$64,MATCH($G220,설정_코스수당!$A$15:$A$64,0),MATCH($E220&"수당",설정_코스수당!$B$14:$F$14,0)),0),0)} -> 0 | L220: {=IF($O220="방문완료",IF($H220="",0,IFERROR(INDEX(설정_코스수당!$B$15:$F$64,MATCH($H220,설정_코스수당!$A$15:$A$64,0),MATCH($E220&"수당",설정_코스수당!$B$14:$F$14,0)),0)),0)} -> 0 | M220: =IF($O220="방문완료",IFERROR(VLOOKUP($E220,설정_코스수당!$A$6:$H$10,6,FALSE),0),0) -> 0 | N220: =IF($O220="방문완료",1,0) -> 0 | U220: 예약건수 | V220: =IF(3<=DAY(DATE(YEAR(설정_코스수당!$K$2),MONTH(설정_코스수당!$K$2)+1,0)),COUNTIFS($B:$B,DATE(YEAR(설정_코스수당!$K$2),MONTH(설정_코스수당!$K$2),3),$O:$O,"<>"),"") -> 0 | W220: A코스 | X220: =IF(3<=DAY(DATE(YEAR(설정_코스수당!$K$2),MONTH(설정_코스수당!$K$2)+1,0)),COUNTIFS($B:$B,DATE(YEAR(설정_코스수당!$K$2),MONTH(설정_코스수당!$K$2),3),$E:$E,"A",$O:$O,"방문완료"),"") -> 0
A221: 2 | B221: =IF(3<=DAY(DATE(YEAR(설정_코스수당!$K$2),MONTH(설정_코스수당!$K$2)+1,0)),DATE(YEAR(설정_코스수당!$K$2),MONTH(설정_코스수당!$K$2),3),"") -> 46176 | J221: =IF($O221="방문완료",MAX(0,IFERROR(VLOOKUP($E221,설정_코스수당!$A$6:$H$10,4,FALSE),0)-IF(OR($P221="",$P221="없음"),0,100000)),0) -> 0 | K221: {=IF($O221="방문완료",IFERROR(INDEX(설정_코스수당!$B$15:$F$64,MATCH($G221,설정_코스수당!$A$15:$A$64,0),MATCH($E221&"수당",설정_코스수당!$B$14:$F$14,0)),0),0)} -> 0 | L221: {=IF($O221="방문완료",IF($H221="",0,IFERROR(INDEX(설정_코스수당!$B$15:$F$64,MATCH($H221,설정_코스수당!$A$15:$A$64,0),MATCH($E221&"수당",설정_코스수당!$B$14:$F$14,0)),0)),0)} -> 0 | M221: =IF($O221="방문완료",IFERROR(VLOOKUP($E221,설정_코스수당!$A$6:$H$10,6,FALSE),0),0) -> 0 | N221: =IF($O221="방문완료",1,0) -> 0 | U221: 방문완료 | V221: =IF(3<=DAY(DATE(YEAR(설정_코스수당!$K$2),MONTH(설정_코스수당!$K$2)+1,0)),COUNTIFS($B:$B,DATE(YEAR(설정_코스수당!$K$2),MONTH(설정_코스수당!$K$2),3),$O:$O,"방문완료"),"") -> 0 | W221: B코스 | X221: =IF(3<=DAY(DATE(YEAR(설정_코스수당!$K$2),MONTH(설정_코스수당!$K$2)+1,0)),COUNTIFS($B:$B,DATE(YEAR(설정_코스수당!$K$2),MONTH(설정_코스수당!$K$2),3),$E:$E,"B",$O:$O,"방문완료"),"") -> 0
A222: 3 | B222: =IF(3<=DAY(DATE(YEAR(설정_코스수당!$K$2),MONTH(설정_코스수당!$K$2)+1,0)),DATE(YEAR(설정_코스수당!$K$2),MONTH(설정_코스수당!$K$2),3),"") -> 46176 | J222: =IF($O222="방문완료",MAX(0,IFERROR(VLOOKUP($E222,설정_코스수당!$A$6:$H$10,4,FALSE),0)-IF(OR($P222="",$P222="없음"),0,100000)),0) -> 0 | K222: {=IF($O222="방문완료",IFERROR(INDEX(설정_코스수당!$B$15:$F$64,MATCH($G222,설정_코스수당!$A$15:$A$64,0),MATCH($E222&"수당",설정_코스수당!$B$14:$F$14,0)),0),0)} -> 0 | L222: {=IF($O222="방문완료",IF($H222="",0,IFERROR(INDEX(설정_코스수당!$B$15:$F$64,MATCH($H222,설정_코스수당!$A$15:$A$64,0),MATCH($E222&"수당",설정_코스수당!$B$14:$F$14,0)),0)),0)} -> 0 | M222: =IF($O222="방문완료",IFERROR(VLOOKUP($E222,설정_코스수당!$A$6:$H$10,6,FALSE),0),0) -> 0 | N222: =IF($O222="방문완료",1,0) -> 0 | U222: 노쇼/취소 | V222: =IF(3<=DAY(DATE(YEAR(설정_코스수당!$K$2),MONTH(설정_코스수당!$K$2)+1,0)),COUNTIFS($B:$B,DATE(YEAR(설정_코스수당!$K$2),MONTH(설정_코스수당!$K$2),3),$O:$O,"노쇼")&"/"&COUNTIFS($B:$B,DATE(YEAR(설정_코스수당!$K$2),MONTH(설정_코스수당!$K$2),3),$O:$O,"취소"),"") -> 0/0 | W222: C코스 | X222: =IF(3<=DAY(DATE(YEAR(설정_코스수당!$K$2),MONTH(설정_코스수당!$K$2)+1,0)),COUNTIFS($B:$B,DATE(YEAR(설정_코스수당!$K$2),MONTH(설정_코스수당!$K$2),3),$E:$E,"C",$O:$O,"방문완료"),"") -> 0
A223: 4 | B223: =IF(3<=DAY(DATE(YEAR(설정_코스수당!$K$2),MONTH(설정_코스수당!$K$2)+1,0)),DATE(YEAR(설정_코스수당!$K$2),MONTH(설정_코스수당!$K$2),3),"") -> 46176 | J223: =IF($O223="방문완료",MAX(0,IFERROR(VLOOKUP($E223,설정_코스수당!$A$6:$H$10,4,FALSE),0)-IF(OR($P223="",$P223="없음"),0,100000)),0) -> 0 | K223: {=IF($O223="방문완료",IFERROR(INDEX(설정_코스수당!$B$15:$F$64,MATCH($G223,설정_코스수당!$A$15:$A$64,0),MATCH($E223&"수당",설정_코스수당!$B$14:$F$14,0)),0),0)} -> 0 | L223: {=IF($O223="방문완료",IF($H223="",0,IFERROR(INDEX(설정_코스수당!$B$15:$F$64,MATCH($H223,설정_코스수당!$A$15:$A$64,0),MATCH($E223&"수당",설정_코스수당!$B$14:$F$14,0)),0)),0)} -> 0 | M223: =IF($O223="방문완료",IFERROR(VLOOKUP($E223,설정_코스수당!$A$6:$H$10,6,FALSE),0),0) -> 0 | N223: =IF($O223="방문완료",1,0) -> 0 | U223: 결제합계 | V223: =IF(3<=DAY(DATE(YEAR(설정_코스수당!$K$2),MONTH(설정_코스수당!$K$2)+1,0)),SUMIFS($J:$J,$B:$B,DATE(YEAR(설정_코스수당!$K$2),MONTH(설정_코스수당!$K$2),3),$O:$O,"방문완료"),"") -> 0 | W223: D코스 | X223: =IF(3<=DAY(DATE(YEAR(설정_코스수당!$K$2),MONTH(설정_코스수당!$K$2)+1,0)),COUNTIFS($B:$B,DATE(YEAR(설정_코스수당!$K$2),MONTH(설정_코스수당!$K$2),3),$E:$E,"D",$O:$O,"방문완료"),"") -> 0
A224: 5 | B224: =IF(3<=DAY(DATE(YEAR(설정_코스수당!$K$2),MONTH(설정_코스수당!$K$2)+1,0)),DATE(YEAR(설정_코스수당!$K$2),MONTH(설정_코스수당!$K$2),3),"") -> 46176 | J224: =IF($O224="방문완료",MAX(0,IFERROR(VLOOKUP($E224,설정_코스수당!$A$6:$H$10,4,FALSE),0)-IF(OR($P224="",$P224="없음"),0,100000)),0) -> 0 | K224: {=IF($O224="방문완료",IFERROR(INDEX(설정_코스수당!$B$15:$F$64,MATCH($G224,설정_코스수당!$A$15:$A$64,0),MATCH($E224&"수당",설정_코스수당!$B$14:$F$14,0)),0),0)} -> 0 | L224: {=IF($O224="방문완료",IF($H224="",0,IFERROR(INDEX(설정_코스수당!$B$15:$F$64,MATCH($H224,설정_코스수당!$A$15:$A$64,0),MATCH($E224&"수당",설정_코스수당!$B$14:$F$14,0)),0)),0)} -> 0 | M224: =IF($O224="방문완료",IFERROR(VLOOKUP($E224,설정_코스수당!$A$6:$H$10,6,FALSE),0),0) -> 0 | N224: =IF($O224="방문완료",1,0) -> 0 | U224: 마사지사 정산 | V224: =IF(3<=DAY(DATE(YEAR(설정_코스수당!$K$2),MONTH(설정_코스수당!$K$2)+1,0)),SUMIFS($K:$K,$B:$B,DATE(YEAR(설정_코스수당!$K$2),MONTH(설정_코스수당!$K$2),3),$O:$O,"방문완료")+SUMIFS($L:$L,$B:$B,DATE(YEAR(설정_코스수당!$K$2),MONTH(설정_코스수당!$K$2),3),$O:$O,"방문완료"),"") -> 0 | W224: E코스 | X224: =IF(3<=DAY(DATE(YEAR(설정_코스수당!$K$2),MONTH(설정_코스수당!$K$2)+1,0)),COUNTIFS($B:$B,DATE(YEAR(설정_코스수당!$K$2),MONTH(설정_코스수당!$K$2),3),$E:$E,"E",$O:$O,"방문완료"),"") -> 0
A225: 6 | B225: =IF(3<=DAY(DATE(YEAR(설정_코스수당!$K$2),MONTH(설정_코스수당!$K$2)+1,0)),DATE(YEAR(설정_코스수당!$K$2),MONTH(설정_코스수당!$K$2),3),"") -> 46176 | J225: =IF($O225="방문완료",MAX(0,IFERROR(VLOOKUP($E225,설정_코스수당!$A$6:$H$10,4,FALSE),0)-IF(OR($P225="",$P225="없음"),0,100000)),0) -> 0 | K225: {=IF($O225="방문완료",IFERROR(INDEX(설정_코스수당!$B$15:$F$64,MATCH($G225,설정_코스수당!$A$15:$A$64,0),MATCH($E225&"수당",설정_코스수당!$B$14:$F$14,0)),0),0)} -> 0 | L225: {=IF($O225="방문완료",IF($H225="",0,IFERROR(INDEX(설정_코스수당!$B$15:$F$64,MATCH($H225,설정_코스수당!$A$15:$A$64,0),MATCH($E225&"수당",설정_코스수당!$B$14:$F$14,0)),0)),0)} -> 0 | M225: =IF($O225="방문완료",IFERROR(VLOOKUP($E225,설정_코스수당!$A$6:$H$10,6,FALSE),0),0) -> 0 | N225: =IF($O225="방문완료",1,0) -> 0 | U225: 귀케어풀 | V225: =IF(3<=DAY(DATE(YEAR(설정_코스수당!$K$2),MONTH(설정_코스수당!$K$2)+1,0)),SUMIFS($M:$M,$B:$B,DATE(YEAR(설정_코스수당!$K$2),MONTH(설정_코스수당!$K$2),3),$O:$O,"방문완료"),"") -> 0 | W225: 할인건수 | X225: =IF(3<=DAY(DATE(YEAR(설정_코스수당!$K$2),MONTH(설정_코스수당!$K$2)+1,0)),COUNTIFS($B:$B,DATE(YEAR(설정_코스수당!$K$2),MONTH(설정_코스수당!$K$2),3),$O:$O,"방문완료",$P:$P,"<>",$P:$P,"<>없음"),"") -> 0
A226: 7 | B226: =IF(3<=DAY(DATE(YEAR(설정_코스수당!$K$2),MONTH(설정_코스수당!$K$2)+1,0)),DATE(YEAR(설정_코스수당!$K$2),MONTH(설정_코스수당!$K$2),3),"") -> 46176 | J226: =IF($O226="방문완료",MAX(0,IFERROR(VLOOKUP($E226,설정_코스수당!$A$6:$H$10,4,FALSE),0)-IF(OR($P226="",$P226="없음"),0,100000)),0) -> 0 | K226: {=IF($O226="방문완료",IFERROR(INDEX(설정_코스수당!$B$15:$F$64,MATCH($G226,설정_코스수당!$A$15:$A$64,0),MATCH($E226&"수당",설정_코스수당!$B$14:$F$14,0)),0),0)} -> 0 | L226: {=IF($O226="방문완료",IF($H226="",0,IFERROR(INDEX(설정_코스수당!$B$15:$F$64,MATCH($H226,설정_코스수당!$A$15:$A$64,0),MATCH($E226&"수당",설정_코스수당!$B$14:$F$14,0)),0)),0)} -> 0 | M226: =IF($O226="방문완료",IFERROR(VLOOKUP($E226,설정_코스수당!$A$6:$H$10,6,FALSE),0),0) -> 0 | N226: =IF($O226="방문완료",1,0) -> 0 | U226: 할인합계 | V226: =IF(3<=DAY(DATE(YEAR(설정_코스수당!$K$2),MONTH(설정_코스수당!$K$2)+1,0)),COUNTIFS($B:$B,DATE(YEAR(설정_코스수당!$K$2),MONTH(설정_코스수당!$K$2),3),$O:$O,"방문완료",$P:$P,"<>",$P:$P,"<>없음")*100000,"") -> 0 | W226: 마사지사담당 | X226: =IF(3<=DAY(DATE(YEAR(설정_코스수당!$K$2),MONTH(설정_코스수당!$K$2)+1,0)),COUNTIFS($B:$B,DATE(YEAR(설정_코스수당!$K$2),MONTH(설정_코스수당!$K$2),3),$G:$G,"<>",$O:$O,"방문완료")+COUNTIFS($B:$B,DATE(YEAR(설정_코스수당!$K$2),MONTH(설정_코스수당!$K$2),3),$H:$H,"<>",$O:$O,"방문완료"),"") -> 0
A227: 8 | B227: =IF(3<=DAY(DATE(YEAR(설정_코스수당!$K$2),MONTH(설정_코스수당!$K$2)+1,0)),DATE(YEAR(설정_코스수당!$K$2),MONTH(설정_코스수당!$K$2),3),"") -> 46176 | J227: =IF($O227="방문완료",MAX(0,IFERROR(VLOOKUP($E227,설정_코스수당!$A$6:$H$10,4,FALSE),0)-IF(OR($P227="",$P227="없음"),0,100000)),0) -> 0 | K227: {=IF($O227="방문완료",IFERROR(INDEX(설정_코스수당!$B$15:$F$64,MATCH($G227,설정_코스수당!$A$15:$A$64,0),MATCH($E227&"수당",설정_코스수당!$B$14:$F$14,0)),0),0)} -> 0 | L227: {=IF($O227="방문완료",IF($H227="",0,IFERROR(INDEX(설정_코스수당!$B$15:$F$64,MATCH($H227,설정_코스수당!$A$15:$A$64,0),MATCH($E227&"수당",설정_코스수당!$B$14:$F$14,0)),0)),0)} -> 0 | M227: =IF($O227="방문완료",IFERROR(VLOOKUP($E227,설정_코스수당!$A$6:$H$10,6,FALSE),0),0) -> 0 | N227: =IF($O227="방문완료",1,0) -> 0 | U227: 지출합계 | V227: =IF(3<=DAY(DATE(YEAR(설정_코스수당!$K$2),MONTH(설정_코스수당!$K$2)+1,0)),SUM($U$231:$U$238),"") -> 0 | W227: =IF(3<=DAY(DATE(YEAR(설정_코스수당!$K$2),MONTH(설정_코스수당!$K$2)+1,0)),"계 : "&TEXT(V223-V227,"#,##0")&" 동","") -> 계 : 0 동
A228: 9 | B228: =IF(3<=DAY(DATE(YEAR(설정_코스수당!$K$2),MONTH(설정_코스수당!$K$2)+1,0)),DATE(YEAR(설정_코스수당!$K$2),MONTH(설정_코스수당!$K$2),3),"") -> 46176 | J228: =IF($O228="방문완료",MAX(0,IFERROR(VLOOKUP($E228,설정_코스수당!$A$6:$H$10,4,FALSE),0)-IF(OR($P228="",$P228="없음"),0,100000)),0) -> 0 | K228: {=IF($O228="방문완료",IFERROR(INDEX(설정_코스수당!$B$15:$F$64,MATCH($G228,설정_코스수당!$A$15:$A$64,0),MATCH($E228&"수당",설정_코스수당!$B$14:$F$14,0)),0),0)} -> 0 | L228: {=IF($O228="방문완료",IF($H228="",0,IFERROR(INDEX(설정_코스수당!$B$15:$F$64,MATCH($H228,설정_코스수당!$A$15:$A$64,0),MATCH($E228&"수당",설정_코스수당!$B$14:$F$14,0)),0)),0)} -> 0 | M228: =IF($O228="방문완료",IFERROR(VLOOKUP($E228,설정_코스수당!$A$6:$H$10,6,FALSE),0),0) -> 0 | N228: =IF($O228="방문완료",1,0) -> 0
A229: 10 | B229: =IF(3<=DAY(DATE(YEAR(설정_코스수당!$K$2),MONTH(설정_코스수당!$K$2)+1,0)),DATE(YEAR(설정_코스수당!$K$2),MONTH(설정_코스수당!$K$2),3),"") -> 46176 | J229: =IF($O229="방문완료",MAX(0,IFERROR(VLOOKUP($E229,설정_코스수당!$A$6:$H$10,4,FALSE),0)-IF(OR($P229="",$P229="없음"),0,100000)),0) -> 0 | K229: {=IF($O229="방문완료",IFERROR(INDEX(설정_코스수당!$B$15:$F$64,MATCH($G229,설정_코스수당!$A$15:$A$64,0),MATCH($E229&"수당",설정_코스수당!$B$14:$F$14,0)),0),0)} -> 0 | L229: {=IF($O229="방문완료",IF($H229="",0,IFERROR(INDEX(설정_코스수당!$B$15:$F$64,MATCH($H229,설정_코스수당!$A$15:$A$64,0),MATCH($E229&"수당",설정_코스수당!$B$14:$F$14,0)),0)),0)} -> 0 | M229: =IF($O229="방문완료",IFERROR(VLOOKUP($E229,설정_코스수당!$A$6:$H$10,6,FALSE),0),0) -> 0 | N229: =IF($O229="방문완료",1,0) -> 0 | U229: 지출 입력
A230: 11 | B230: =IF(3<=DAY(DATE(YEAR(설정_코스수당!$K$2),MONTH(설정_코스수당!$K$2)+1,0)),DATE(YEAR(설정_코스수당!$K$2),MONTH(설정_코스수당!$K$2),3),"") -> 46176 | J230: =IF($O230="방문완료",MAX(0,IFERROR(VLOOKUP($E230,설정_코스수당!$A$6:$H$10,4,FALSE),0)-IF(OR($P230="",$P230="없음"),0,100000)),0) -> 0 | K230: {=IF($O230="방문완료",IFERROR(INDEX(설정_코스수당!$B$15:$F$64,MATCH($G230,설정_코스수당!$A$15:$A$64,0),MATCH($E230&"수당",설정_코스수당!$B$14:$F$14,0)),0),0)} -> 0 | L230: {=IF($O230="방문완료",IF($H230="",0,IFERROR(INDEX(설정_코스수당!$B$15:$F$64,MATCH($H230,설정_코스수당!$A$15:$A$64,0),MATCH($E230&"수당",설정_코스수당!$B$14:$F$14,0)),0)),0)} -> 0 | M230: =IF($O230="방문완료",IFERROR(VLOOKUP($E230,설정_코스수당!$A$6:$H$10,6,FALSE),0),0) -> 0 | N230: =IF($O230="방문완료",1,0) -> 0 | U230: 지출금액 | V230: 내용 | W230: 담당자 | X230: 비고
A231: 12 | B231: =IF(3<=DAY(DATE(YEAR(설정_코스수당!$K$2),MONTH(설정_코스수당!$K$2)+1,0)),DATE(YEAR(설정_코스수당!$K$2),MONTH(설정_코스수당!$K$2),3),"") -> 46176 | J231: =IF($O231="방문완료",MAX(0,IFERROR(VLOOKUP($E231,설정_코스수당!$A$6:$H$10,4,FALSE),0)-IF(OR($P231="",$P231="없음"),0,100000)),0) -> 0 | K231: {=IF($O231="방문완료",IFERROR(INDEX(설정_코스수당!$B$15:$F$64,MATCH($G231,설정_코스수당!$A$15:$A$64,0),MATCH($E231&"수당",설정_코스수당!$B$14:$F$14,0)),0),0)} -> 0 | L231: {=IF($O231="방문완료",IF($H231="",0,IFERROR(INDEX(설정_코스수당!$B$15:$F$64,MATCH($H231,설정_코스수당!$A$15:$A$64,0),MATCH($E231&"수당",설정_코스수당!$B$14:$F$14,0)),0)),0)} -> 0 | M231: =IF($O231="방문완료",IFERROR(VLOOKUP($E231,설정_코스수당!$A$6:$H$10,6,FALSE),0),0) -> 0 | N231: =IF($O231="방문완료",1,0) -> 0
A232: 13 | B232: =IF(3<=DAY(DATE(YEAR(설정_코스수당!$K$2),MONTH(설정_코스수당!$K$2)+1,0)),DATE(YEAR(설정_코스수당!$K$2),MONTH(설정_코스수당!$K$2),3),"") -> 46176 | J232: =IF($O232="방문완료",MAX(0,IFERROR(VLOOKUP($E232,설정_코스수당!$A$6:$H$10,4,FALSE),0)-IF(OR($P232="",$P232="없음"),0,100000)),0) -> 0 | K232: {=IF($O232="방문완료",IFERROR(INDEX(설정_코스수당!$B$15:$F$64,MATCH($G232,설정_코스수당!$A$15:$A$64,0),MATCH($E232&"수당",설정_코스수당!$B$14:$F$14,0)),0),0)} -> 0 | L232: {=IF($O232="방문완료",IF($H232="",0,IFERROR(INDEX(설정_코스수당!$B$15:$F$64,MATCH($H232,설정_코스수당!$A$15:$A$64,0),MATCH($E232&"수당",설정_코스수당!$B$14:$F$14,0)),0)),0)} -> 0 | M232: =IF($O232="방문완료",IFERROR(VLOOKUP($E232,설정_코스수당!$A$6:$H$10,6,FALSE),0),0) -> 0 | N232: =IF($O232="방문완료",1,0) -> 0
A233: 14 | B233: =IF(3<=DAY(DATE(YEAR(설정_코스수당!$K$2),MONTH(설정_코스수당!$K$2)+1,0)),DATE(YEAR(설정_코스수당!$K$2),MONTH(설정_코스수당!$K$2),3),"") -> 46176 | J233: =IF($O233="방문완료",MAX(0,IFERROR(VLOOKUP($E233,설정_코스수당!$A$6:$H$10,4,FALSE),0)-IF(OR($P233="",$P233="없음"),0,100000)),0) -> 0 | K233: {=IF($O233="방문완료",IFERROR(INDEX(설정_코스수당!$B$15:$F$64,MATCH($G233,설정_코스수당!$A$15:$A$64,0),MATCH($E233&"수당",설정_코스수당!$B$14:$F$14,0)),0),0)} -> 0 | L233: {=IF($O233="방문완료",IF($H233="",0,IFERROR(INDEX(설정_코스수당!$B$15:$F$64,MATCH($H233,설정_코스수당!$A$15:$A$64,0),MATCH($E233&"수당",설정_코스수당!$B$14:$F$14,0)),0)),0)} -> 0 | M233: =IF($O233="방문완료",IFERROR(VLOOKUP($E233,설정_코스수당!$A$6:$H$10,6,FALSE),0),0) -> 0 | N233: =IF($O233="방문완료",1,0) -> 0
A234: 15 | B234: =IF(3<=DAY(DATE(YEAR(설정_코스수당!$K$2),MONTH(설정_코스수당!$K$2)+1,0)),DATE(YEAR(설정_코스수당!$K$2),MONTH(설정_코스수당!$K$2),3),"") -> 46176 | J234: =IF($O234="방문완료",MAX(0,IFERROR(VLOOKUP($E234,설정_코스수당!$A$6:$H$10,4,FALSE),0)-IF(OR($P234="",$P234="없음"),0,100000)),0) -> 0 | K234: {=IF($O234="방문완료",IFERROR(INDEX(설정_코스수당!$B$15:$F$64,MATCH($G234,설정_코스수당!$A$15:$A$64,0),MATCH($E234&"수당",설정_코스수당!$B$14:$F$14,0)),0),0)} -> 0 | L234: {=IF($O234="방문완료",IF($H234="",0,IFERROR(INDEX(설정_코스수당!$B$15:$F$64,MATCH($H234,설정_코스수당!$A$15:$A$64,0),MATCH($E234&"수당",설정_코스수당!$B$14:$F$14,0)),0)),0)} -> 0 | M234: =IF($O234="방문완료",IFERROR(VLOOKUP($E234,설정_코스수당!$A$6:$H$10,6,FALSE),0),0) -> 0 | N234: =IF($O234="방문완료",1,0) -> 0
A235: 16 | B235: =IF(3<=DAY(DATE(YEAR(설정_코스수당!$K$2),MONTH(설정_코스수당!$K$2)+1,0)),DATE(YEAR(설정_코스수당!$K$2),MONTH(설정_코스수당!$K$2),3),"") -> 46176 | J235: =IF($O235="방문완료",MAX(0,IFERROR(VLOOKUP($E235,설정_코스수당!$A$6:$H$10,4,FALSE),0)-IF(OR($P235="",$P235="없음"),0,100000)),0) -> 0 | K235: {=IF($O235="방문완료",IFERROR(INDEX(설정_코스수당!$B$15:$F$64,MATCH($G235,설정_코스수당!$A$15:$A$64,0),MATCH($E235&"수당",설정_코스수당!$B$14:$F$14,0)),0),0)} -> 0 | L235: {=IF($O235="방문완료",IF($H235="",0,IFERROR(INDEX(설정_코스수당!$B$15:$F$64,MATCH($H235,설정_코스수당!$A$15:$A$64,0),MATCH($E235&"수당",설정_코스수당!$B$14:$F$14,0)),0)),0)} -> 0 | M235: =IF($O235="방문완료",IFERROR(VLOOKUP($E235,설정_코스수당!$A$6:$H$10,6,FALSE),0),0) -> 0 | N235: =IF($O235="방문완료",1,0) -> 0
A236: 17 | B236: =IF(3<=DAY(DATE(YEAR(설정_코스수당!$K$2),MONTH(설정_코스수당!$K$2)+1,0)),DATE(YEAR(설정_코스수당!$K$2),MONTH(설정_코스수당!$K$2),3),"") -> 46176 | J236: =IF($O236="방문완료",MAX(0,IFERROR(VLOOKUP($E236,설정_코스수당!$A$6:$H$10,4,FALSE),0)-IF(OR($P236="",$P236="없음"),0,100000)),0) -> 0 | K236: {=IF($O236="방문완료",IFERROR(INDEX(설정_코스수당!$B$15:$F$64,MATCH($G236,설정_코스수당!$A$15:$A$64,0),MATCH($E236&"수당",설정_코스수당!$B$14:$F$14,0)),0),0)} -> 0 | L236: {=IF($O236="방문완료",IF($H236="",0,IFERROR(INDEX(설정_코스수당!$B$15:$F$64,MATCH($H236,설정_코스수당!$A$15:$A$64,0),MATCH($E236&"수당",설정_코스수당!$B$14:$F$14,0)),0)),0)} -> 0 | M236: =IF($O236="방문완료",IFERROR(VLOOKUP($E236,설정_코스수당!$A$6:$H$10,6,FALSE),0),0) -> 0 | N236: =IF($O236="방문완료",1,0) -> 0
A237: 18 | B237: =IF(3<=DAY(DATE(YEAR(설정_코스수당!$K$2),MONTH(설정_코스수당!$K$2)+1,0)),DATE(YEAR(설정_코스수당!$K$2),MONTH(설정_코스수당!$K$2),3),"") -> 46176 | J237: =IF($O237="방문완료",MAX(0,IFERROR(VLOOKUP($E237,설정_코스수당!$A$6:$H$10,4,FALSE),0)-IF(OR($P237="",$P237="없음"),0,100000)),0) -> 0 | K237: {=IF($O237="방문완료",IFERROR(INDEX(설정_코스수당!$B$15:$F$64,MATCH($G237,설정_코스수당!$A$15:$A$64,0),MATCH($E237&"수당",설정_코스수당!$B$14:$F$14,0)),0),0)} -> 0 | L237: {=IF($O237="방문완료",IF($H237="",0,IFERROR(INDEX(설정_코스수당!$B$15:$F$64,MATCH($H237,설정_코스수당!$A$15:$A$64,0),MATCH($E237&"수당",설정_코스수당!$B$14:$F$14,0)),0)),0)} -> 0 | M237: =IF($O237="방문완료",IFERROR(VLOOKUP($E237,설정_코스수당!$A$6:$H$10,6,FALSE),0),0) -> 0 | N237: =IF($O237="방문완료",1,0) -> 0
A238: 19 | B238: =IF(3<=DAY(DATE(YEAR(설정_코스수당!$K$2),MONTH(설정_코스수당!$K$2)+1,0)),DATE(YEAR(설정_코스수당!$K$2),MONTH(설정_코스수당!$K$2),3),"") -> 46176 | J238: =IF($O238="방문완료",MAX(0,IFERROR(VLOOKUP($E238,설정_코스수당!$A$6:$H$10,4,FALSE),0)-IF(OR($P238="",$P238="없음"),0,100000)),0) -> 0 | K238: {=IF($O238="방문완료",IFERROR(INDEX(설정_코스수당!$B$15:$F$64,MATCH($G238,설정_코스수당!$A$15:$A$64,0),MATCH($E238&"수당",설정_코스수당!$B$14:$F$14,0)),0),0)} -> 0 | L238: {=IF($O238="방문완료",IF($H238="",0,IFERROR(INDEX(설정_코스수당!$B$15:$F$64,MATCH($H238,설정_코스수당!$A$15:$A$64,0),MATCH($E238&"수당",설정_코스수당!$B$14:$F$14,0)),0)),0)} -> 0 | M238: =IF($O238="방문완료",IFERROR(VLOOKUP($E238,설정_코스수당!$A$6:$H$10,6,FALSE),0),0) -> 0 | N238: =IF($O238="방문완료",1,0) -> 0
A239: 20 | B239: =IF(3<=DAY(DATE(YEAR(설정_코스수당!$K$2),MONTH(설정_코스수당!$K$2)+1,0)),DATE(YEAR(설정_코스수당!$K$2),MONTH(설정_코스수당!$K$2),3),"") -> 46176 | J239: =IF($O239="방문완료",MAX(0,IFERROR(VLOOKUP($E239,설정_코스수당!$A$6:$H$10,4,FALSE),0)-IF(OR($P239="",$P239="없음"),0,100000)),0) -> 0 | K239: {=IF($O239="방문완료",IFERROR(INDEX(설정_코스수당!$B$15:$F$64,MATCH($G239,설정_코스수당!$A$15:$A$64,0),MATCH($E239&"수당",설정_코스수당!$B$14:$F$14,0)),0),0)} -> 0 | L239: {=IF($O239="방문완료",IF($H239="",0,IFERROR(INDEX(설정_코스수당!$B$15:$F$64,MATCH($H239,설정_코스수당!$A$15:$A$64,0),MATCH($E239&"수당",설정_코스수당!$B$14:$F$14,0)),0)),0)} -> 0 | M239: =IF($O239="방문완료",IFERROR(VLOOKUP($E239,설정_코스수당!$A$6:$H$10,6,FALSE),0),0) -> 0 | N239: =IF($O239="방문완료",1,0) -> 0
A240: 21 | B240: =IF(3<=DAY(DATE(YEAR(설정_코스수당!$K$2),MONTH(설정_코스수당!$K$2)+1,0)),DATE(YEAR(설정_코스수당!$K$2),MONTH(설정_코스수당!$K$2),3),"") -> 46176 | J240: =IF($O240="방문완료",MAX(0,IFERROR(VLOOKUP($E240,설정_코스수당!$A$6:$H$10,4,FALSE),0)-IF(OR($P240="",$P240="없음"),0,100000)),0) -> 0 | K240: {=IF($O240="방문완료",IFERROR(INDEX(설정_코스수당!$B$15:$F$64,MATCH($G240,설정_코스수당!$A$15:$A$64,0),MATCH($E240&"수당",설정_코스수당!$B$14:$F$14,0)),0),0)} -> 0 | L240: {=IF($O240="방문완료",IF($H240="",0,IFERROR(INDEX(설정_코스수당!$B$15:$F$64,MATCH($H240,설정_코스수당!$A$15:$A$64,0),MATCH($E240&"수당",설정_코스수당!$B$14:$F$14,0)),0)),0)} -> 0 | M240: =IF($O240="방문완료",IFERROR(VLOOKUP($E240,설정_코스수당!$A$6:$H$10,6,FALSE),0),0) -> 0 | N240: =IF($O240="방문완료",1,0) -> 0
A241: 22 | B241: =IF(3<=DAY(DATE(YEAR(설정_코스수당!$K$2),MONTH(설정_코스수당!$K$2)+1,0)),DATE(YEAR(설정_코스수당!$K$2),MONTH(설정_코스수당!$K$2),3),"") -> 46176 | J241: =IF($O241="방문완료",MAX(0,IFERROR(VLOOKUP($E241,설정_코스수당!$A$6:$H$10,4,FALSE),0)-IF(OR($P241="",$P241="없음"),0,100000)),0) -> 0 | K241: {=IF($O241="방문완료",IFERROR(INDEX(설정_코스수당!$B$15:$F$64,MATCH($G241,설정_코스수당!$A$15:$A$64,0),MATCH($E241&"수당",설정_코스수당!$B$14:$F$14,0)),0),0)} -> 0 | L241: {=IF($O241="방문완료",IF($H241="",0,IFERROR(INDEX(설정_코스수당!$B$15:$F$64,MATCH($H241,설정_코스수당!$A$15:$A$64,0),MATCH($E241&"수당",설정_코스수당!$B$14:$F$14,0)),0)),0)} -> 0 | M241: =IF($O241="방문완료",IFERROR(VLOOKUP($E241,설정_코스수당!$A$6:$H$10,6,FALSE),0),0) -> 0 | N241: =IF($O241="방문완료",1,0) -> 0
A242: 23 | B242: =IF(3<=DAY(DATE(YEAR(설정_코스수당!$K$2),MONTH(설정_코스수당!$K$2)+1,0)),DATE(YEAR(설정_코스수당!$K$2),MONTH(설정_코스수당!$K$2),3),"") -> 46176 | J242: =IF($O242="방문완료",MAX(0,IFERROR(VLOOKUP($E242,설정_코스수당!$A$6:$H$10,4,FALSE),0)-IF(OR($P242="",$P242="없음"),0,100000)),0) -> 0 | K242: {=IF($O242="방문완료",IFERROR(INDEX(설정_코스수당!$B$15:$F$64,MATCH($G242,설정_코스수당!$A$15:$A$64,0),MATCH($E242&"수당",설정_코스수당!$B$14:$F$14,0)),0),0)} -> 0 | L242: {=IF($O242="방문완료",IF($H242="",0,IFERROR(INDEX(설정_코스수당!$B$15:$F$64,MATCH($H242,설정_코스수당!$A$15:$A$64,0),MATCH($E242&"수당",설정_코스수당!$B$14:$F$14,0)),0)),0)} -> 0 | M242: =IF($O242="방문완료",IFERROR(VLOOKUP($E242,설정_코스수당!$A$6:$H$10,6,FALSE),0),0) -> 0 | N242: =IF($O242="방문완료",1,0) -> 0
... A319: 100 | B319: =IF(3<=DAY(DATE(YEAR(설정_코스수당!$K$2),MONTH(설정_코스수당!$K$2)+1,0)),DATE(YEAR(설정_코스수당!$K$2),MONTH(설정_코스수당!$K$2),3),"") -> 46176 | J319: =IF($O319="방문완료",MAX(0,IFERROR(VLOOKUP($E319,설정_코스수당!$A$6:$H$10,4,FALSE),0)-IF(OR($P319="",$P319="없음"),0,100000)),0) -> 0 | K319: {=IF($O319="방문완료",IFERROR(INDEX(설정_코스수당!$B$15:$F$64,MATCH($G319,설정_코스수당!$A$15:$A$64,0),MATCH($E319&"수당",설정_코스수당!$B$14:$F$14,0)),0),0)} -> 0 | L319: {=IF($O319="방문완료",IF($H319="",0,IFERROR(INDEX(설정_코스수당!$B$15:$F$64,MATCH($H319,설정_코스수당!$A$15:$A$64,0),MATCH($E319&"수당",설정_코스수당!$B$14:$F$14,0)),0)),0)} -> 0 | M319: =IF($O319="방문완료",IFERROR(VLOOKUP($E319,설정_코스수당!$A$6:$H$10,6,FALSE),0),0) -> 0 | N319: =IF($O319="방문완료",1,0) -> 0
A320: 일일 입력 끝 | J320: =IF($O320="방문완료",MAX(0,IFERROR(VLOOKUP($E320,설정_코스수당!$A$6:$H$10,4,FALSE),0)-IF(OR($P320="",$P320="없음"),0,100000)),0) -> 0 | V320: =IF(4<=DAY(DATE(YEAR(설정_코스수당!$K$2),MONTH(설정_코스수당!$K$2)+1,0)),COUNTIFS($B:$B,DATE(YEAR(설정_코스수당!$K$2),MONTH(설정_코스수당!$K$2),4),$O:$O,"방문완료",$P:$P,"<>",$P:$P,"<>없음")*100000,"") -> 0
A321: =IF(4<=DAY(DATE(YEAR(설정_코스수당!$K$2),MONTH(설정_코스수당!$K$2)+1,0)),TEXT(DATE(YEAR(설정_코스수당!$K$2),MONTH(설정_코스수당!$K$2),4),"yyyy-mm-dd")&" | 예약관리 100슬롯","") -> 2026-06-04 | 예약관리 100슬롯
A322: 번호 | B322: 날짜 | C322: 시간 | D322: 방번호 | E322: 코스 | F322: 고객/메모 | G322: 마사지사1 | H322: 마사지사2 | I322: 귀케어담당 | J322: 결제금액 | K322: 마사지사1수당 | L322: 마사지사2수당 | M322: 귀케어풀 | N322: 콜인정 | O322: 예약상태 | P322: 할인구분 | R322: 비고 | S322: 확인 | U322: =IF(4<=DAY(DATE(YEAR(설정_코스수당!$K$2),MONTH(설정_코스수당!$K$2)+1,0)),TEXT(DATE(YEAR(설정_코스수당!$K$2),MONTH(설정_코스수당!$K$2),4),"yyyy-mm-dd")&" 일일 상태","") -> 2026-06-04 일일 상태 | W322: 방문완료 코스별
A323: 1 | B323: =IF(4<=DAY(DATE(YEAR(설정_코스수당!$K$2),MONTH(설정_코스수당!$K$2)+1,0)),DATE(YEAR(설정_코스수당!$K$2),MONTH(설정_코스수당!$K$2),4),"") -> 46177 | J323: =IF($O323="방문완료",MAX(0,IFERROR(VLOOKUP($E323,설정_코스수당!$A$6:$H$10,4,FALSE),0)-IF(OR($P323="",$P323="없음"),0,100000)),0) -> 0 | K323: {=IF($O323="방문완료",IFERROR(INDEX(설정_코스수당!$B$15:$F$64,MATCH($G323,설정_코스수당!$A$15:$A$64,0),MATCH($E323&"수당",설정_코스수당!$B$14:$F$14,0)),0),0)} -> 0 | L323: {=IF($O323="방문완료",IF($H323="",0,IFERROR(INDEX(설정_코스수당!$B$15:$F$64,MATCH($H323,설정_코스수당!$A$15:$A$64,0),MATCH($E323&"수당",설정_코스수당!$B$14:$F$14,0)),0)),0)} -> 0 | M323: =IF($O323="방문완료",IFERROR(VLOOKUP($E323,설정_코스수당!$A$6:$H$10,6,FALSE),0),0) -> 0 | N323: =IF($O323="방문완료",1,0) -> 0 | U323: 예약건수 | V323: =IF(4<=DAY(DATE(YEAR(설정_코스수당!$K$2),MONTH(설정_코스수당!$K$2)+1,0)),COUNTIFS($B:$B,DATE(YEAR(설정_코스수당!$K$2),MONTH(설정_코스수당!$K$2),4),$O:$O,"<>"),"") -> 0 | W323: A코스 | X323: =IF(4<=DAY(DATE(YEAR(설정_코스수당!$K$2),MONTH(설정_코스수당!$K$2)+1,0)),COUNTIFS($B:$B,DATE(YEAR(설정_코스수당!$K$2),MONTH(설정_코스수당!$K$2),4),$E:$E,"A",$O:$O,"방문완료"),"") -> 0
A324: 2 | B324: =IF(4<=DAY(DATE(YEAR(설정_코스수당!$K$2),MONTH(설정_코스수당!$K$2)+1,0)),DATE(YEAR(설정_코스수당!$K$2),MONTH(설정_코스수당!$K$2),4),"") -> 46177 | J324: =IF($O324="방문완료",MAX(0,IFERROR(VLOOKUP($E324,설정_코스수당!$A$6:$H$10,4,FALSE),0)-IF(OR($P324="",$P324="없음"),0,100000)),0) -> 0 | K324: {=IF($O324="방문완료",IFERROR(INDEX(설정_코스수당!$B$15:$F$64,MATCH($G324,설정_코스수당!$A$15:$A$64,0),MATCH($E324&"수당",설정_코스수당!$B$14:$F$14,0)),0),0)} -> 0 | L324: {=IF($O324="방문완료",IF($H324="",0,IFERROR(INDEX(설정_코스수당!$B$15:$F$64,MATCH($H324,설정_코스수당!$A$15:$A$64,0),MATCH($E324&"수당",설정_코스수당!$B$14:$F$14,0)),0)),0)} -> 0 | M324: =IF($O324="방문완료",IFERROR(VLOOKUP($E324,설정_코스수당!$A$6:$H$10,6,FALSE),0),0) -> 0 | N324: =IF($O324="방문완료",1,0) -> 0 | U324: 방문완료 | V324: =IF(4<=DAY(DATE(YEAR(설정_코스수당!$K$2),MONTH(설정_코스수당!$K$2)+1,0)),COUNTIFS($B:$B,DATE(YEAR(설정_코스수당!$K$2),MONTH(설정_코스수당!$K$2),4),$O:$O,"방문완료"),"") -> 0 | W324: B코스 | X324: =IF(4<=DAY(DATE(YEAR(설정_코스수당!$K$2),MONTH(설정_코스수당!$K$2)+1,0)),COUNTIFS($B:$B,DATE(YEAR(설정_코스수당!$K$2),MONTH(설정_코스수당!$K$2),4),$E:$E,"B",$O:$O,"방문완료"),"") -> 0
A325: 3 | B325: =IF(4<=DAY(DATE(YEAR(설정_코스수당!$K$2),MONTH(설정_코스수당!$K$2)+1,0)),DATE(YEAR(설정_코스수당!$K$2),MONTH(설정_코스수당!$K$2),4),"") -> 46177 | J325: =IF($O325="방문완료",MAX(0,IFERROR(VLOOKUP($E325,설정_코스수당!$A$6:$H$10,4,FALSE),0)-IF(OR($P325="",$P325="없음"),0,100000)),0) -> 0 | K325: {=IF($O325="방문완료",IFERROR(INDEX(설정_코스수당!$B$15:$F$64,MATCH($G325,설정_코스수당!$A$15:$A$64,0),MATCH($E325&"수당",설정_코스수당!$B$14:$F$14,0)),0),0)} -> 0 | L325: {=IF($O325="방문완료",IF($H325="",0,IFERROR(INDEX(설정_코스수당!$B$15:$F$64,MATCH($H325,설정_코스수당!$A$15:$A$64,0),MATCH($E325&"수당",설정_코스수당!$B$14:$F$14,0)),0)),0)} -> 0 | M325: =IF($O325="방문완료",IFERROR(VLOOKUP($E325,설정_코스수당!$A$6:$H$10,6,FALSE),0),0) -> 0 | N325: =IF($O325="방문완료",1,0) -> 0 | U325: 노쇼/취소 | V325: =IF(4<=DAY(DATE(YEAR(설정_코스수당!$K$2),MONTH(설정_코스수당!$K$2)+1,0)),COUNTIFS($B:$B,DATE(YEAR(설정_코스수당!$K$2),MONTH(설정_코스수당!$K$2),4),$O:$O,"노쇼")&"/"&COUNTIFS($B:$B,DATE(YEAR(설정_코스수당!$K$2),MONTH(설정_코스수당!$K$2),4),$O:$O,"취소"),"") -> 0/0 | W325: C코스 | X325: =IF(4<=DAY(DATE(YEAR(설정_코스수당!$K$2),MONTH(설정_코스수당!$K$2)+1,0)),COUNTIFS($B:$B,DATE(YEAR(설정_코스수당!$K$2),MONTH(설정_코스수당!$K$2),4),$E:$E,"C",$O:$O,"방문완료"),"") -> 0
A326: 4 | B326: =IF(4<=DAY(DATE(YEAR(설정_코스수당!$K$2),MONTH(설정_코스수당!$K$2)+1,0)),DATE(YEAR(설정_코스수당!$K$2),MONTH(설정_코스수당!$K$2),4),"") -> 46177 | J326: =IF($O326="방문완료",MAX(0,IFERROR(VLOOKUP($E326,설정_코스수당!$A$6:$H$10,4,FALSE),0)-IF(OR($P326="",$P326="없음"),0,100000)),0) -> 0 | K326: {=IF($O326="방문완료",IFERROR(INDEX(설정_코스수당!$B$15:$F$64,MATCH($G326,설정_코스수당!$A$15:$A$64,0),MATCH($E326&"수당",설정_코스수당!$B$14:$F$14,0)),0),0)} -> 0 | L326: {=IF($O326="방문완료",IF($H326="",0,IFERROR(INDEX(설정_코스수당!$B$15:$F$64,MATCH($H326,설정_코스수당!$A$15:$A$64,0),MATCH($E326&"수당",설정_코스수당!$B$14:$F$14,0)),0)),0)} -> 0 | M326: =IF($O326="방문완료",IFERROR(VLOOKUP($E326,설정_코스수당!$A$6:$H$10,6,FALSE),0),0) -> 0 | N326: =IF($O326="방문완료",1,0) -> 0 | U326: 결제합계 | V326: =IF(4<=DAY(DATE(YEAR(설정_코스수당!$K$2),MONTH(설정_코스수당!$K$2)+1,0)),SUMIFS($J:$J,$B:$B,DATE(YEAR(설정_코스수당!$K$2),MONTH(설정_코스수당!$K$2),4),$O:$O,"방문완료"),"") -> 0 | W326: D코스 | X326: =IF(4<=DAY(DATE(YEAR(설정_코스수당!$K$2),MONTH(설정_코스수당!$K$2)+1,0)),COUNTIFS($B:$B,DATE(YEAR(설정_코스수당!$K$2),MONTH(설정_코스수당!$K$2),4),$E:$E,"D",$O:$O,"방문완료"),"") -> 0
A327: 5 | B327: =IF(4<=DAY(DATE(YEAR(설정_코스수당!$K$2),MONTH(설정_코스수당!$K$2)+1,0)),DATE(YEAR(설정_코스수당!$K$2),MONTH(설정_코스수당!$K$2),4),"") -> 46177 | J327: =IF($O327="방문완료",MAX(0,IFERROR(VLOOKUP($E327,설정_코스수당!$A$6:$H$10,4,FALSE),0)-IF(OR($P327="",$P327="없음"),0,100000)),0) -> 0 | K327: {=IF($O327="방문완료",IFERROR(INDEX(설정_코스수당!$B$15:$F$64,MATCH($G327,설정_코스수당!$A$15:$A$64,0),MATCH($E327&"수당",설정_코스수당!$B$14:$F$14,0)),0),0)} -> 0 | L327: {=IF($O327="방문완료",IF($H327="",0,IFERROR(INDEX(설정_코스수당!$B$15:$F$64,MATCH($H327,설정_코스수당!$A$15:$A$64,0),MATCH($E327&"수당",설정_코스수당!$B$14:$F$14,0)),0)),0)} -> 0 | M327: =IF($O327="방문완료",IFERROR(VLOOKUP($E327,설정_코스수당!$A$6:$H$10,6,FALSE),0),0) -> 0 | N327: =IF($O327="방문완료",1,0) -> 0 | U327: 마사지사 정산 | V327: =IF(4<=DAY(DATE(YEAR(설정_코스수당!$K$2),MONTH(설정_코스수당!$K$2)+1,0)),SUMIFS($K:$K,$B:$B,DATE(YEAR(설정_코스수당!$K$2),MONTH(설정_코스수당!$K$2),4),$O:$O,"방문완료")+SUMIFS($L:$L,$B:$B,DATE(YEAR(설정_코스수당!$K$2),MONTH(설정_코스수당!$K$2),4),$O:$O,"방문완료"),"") -> 0 | W327: E코스 | X327: =IF(4<=DAY(DATE(YEAR(설정_코스수당!$K$2),MONTH(설정_코스수당!$K$2)+1,0)),COUNTIFS($B:$B,DATE(YEAR(설정_코스수당!$K$2),MONTH(설정_코스수당!$K$2),4),$E:$E,"E",$O:$O,"방문완료"),"") -> 0
A328: 6 | B328: =IF(4<=DAY(DATE(YEAR(설정_코스수당!$K$2),MONTH(설정_코스수당!$K$2)+1,0)),DATE(YEAR(설정_코스수당!$K$2),MONTH(설정_코스수당!$K$2),4),"") -> 46177 | J328: =IF($O328="방문완료",MAX(0,IFERROR(VLOOKUP($E328,설정_코스수당!$A$6:$H$10,4,FALSE),0)-IF(OR($P328="",$P328="없음"),0,100000)),0) -> 0 | K328: {=IF($O328="방문완료",IFERROR(INDEX(설정_코스수당!$B$15:$F$64,MATCH($G328,설정_코스수당!$A$15:$A$64,0),MATCH($E328&"수당",설정_코스수당!$B$14:$F$14,0)),0),0)} -> 0 | L328: {=IF($O328="방문완료",IF($H328="",0,IFERROR(INDEX(설정_코스수당!$B$15:$F$64,MATCH($H328,설정_코스수당!$A$15:$A$64,0),MATCH($E328&"수당",설정_코스수당!$B$14:$F$14,0)),0)),0)} -> 0 | M328: =IF($O328="방문완료",IFERROR(VLOOKUP($E328,설정_코스수당!$A$6:$H$10,6,FALSE),0),0) -> 0 | N328: =IF($O328="방문완료",1,0) -> 0 | U328: 귀케어풀 | V328: =IF(4<=DAY(DATE(YEAR(설정_코스수당!$K$2),MONTH(설정_코스수당!$K$2)+1,0)),SUMIFS($M:$M,$B:$B,DATE(YEAR(설정_코스수당!$K$2),MONTH(설정_코스수당!$K$2),4),$O:$O,"방문완료"),"") -> 0 | W328: 할인건수 | X328: =IF(4<=DAY(DATE(YEAR(설정_코스수당!$K$2),MONTH(설정_코스수당!$K$2)+1,0)),COUNTIFS($B:$B,DATE(YEAR(설정_코스수당!$K$2),MONTH(설정_코스수당!$K$2),4),$O:$O,"방문완료",$P:$P,"<>",$P:$P,"<>없음"),"") -> 0
A329: 7 | B329: =IF(4<=DAY(DATE(YEAR(설정_코스수당!$K$2),MONTH(설정_코스수당!$K$2)+1,0)),DATE(YEAR(설정_코스수당!$K$2),MONTH(설정_코스수당!$K$2),4),"") -> 46177 | J329: =IF($O329="방문완료",MAX(0,IFERROR(VLOOKUP($E329,설정_코스수당!$A$6:$H$10,4,FALSE),0)-IF(OR($P329="",$P329="없음"),0,100000)),0) -> 0 | K329: {=IF($O329="방문완료",IFERROR(INDEX(설정_코스수당!$B$15:$F$64,MATCH($G329,설정_코스수당!$A$15:$A$64,0),MATCH($E329&"수당",설정_코스수당!$B$14:$F$14,0)),0),0)} -> 0 | L329: {=IF($O329="방문완료",IF($H329="",0,IFERROR(INDEX(설정_코스수당!$B$15:$F$64,MATCH($H329,설정_코스수당!$A$15:$A$64,0),MATCH($E329&"수당",설정_코스수당!$B$14:$F$14,0)),0)),0)} -> 0 | M329: =IF($O329="방문완료",IFERROR(VLOOKUP($E329,설정_코스수당!$A$6:$H$10,6,FALSE),0),0) -> 0 | N329: =IF($O329="방문완료",1,0) -> 0 | U329: 할인합계 | V329: =IF(4<=DAY(DATE(YEAR(설정_코스수당!$K$2),MONTH(설정_코스수당!$K$2)+1,0)),COUNTIFS($B:$B,DATE(YEAR(설정_코스수당!$K$2),MONTH(설정_코스수당!$K$2),4),$O:$O,"방문완료",$P:$P,"<>",$P:$P,"<>없음")*100000,"") -> 0 | W329: 마사지사담당 | X329: =IF(4<=DAY(DATE(YEAR(설정_코스수당!$K$2),MONTH(설정_코스수당!$K$2)+1,0)),COUNTIFS($B:$B,DATE(YEAR(설정_코스수당!$K$2),MONTH(설정_코스수당!$K$2),4),$G:$G,"<>",$O:$O,"방문완료")+COUNTIFS($B:$B,DATE(YEAR(설정_코스수당!$K$2),MONTH(설정_코스수당!$K$2),4),$H:$H,"<>",$O:$O,"방문완료"),"") -> 0
...

Sheet 웨이터리스트
A1: GANGNAM SPA 웨이터용 객실 현황판
A2: 실시간콜입력에 시간 · 방번호 · 코스 · 마사지사1 · 예약상태 입력 → 이 화면 자동 반영
A4: 사용중 | B4: 예약 | C4: 청소중 | D4: 종료확인 | E4: 빈방 | F4: 곧 종료
A5: =COUNTIF($B$9:$B$19,"사용중") -> 0 | B5: =COUNTIF($B$9:$B$19,"예약") -> 0 | C5: =COUNTIF($B$9:$B$19,"청소중") -> 0 | D5: =COUNTIF($B$9:$B$19,"종료확인") -> 0 | E5: =COUNTIF($B$9:$B$19,"빈방") -> 11 | F5: =COUNTIFS($B$9:$B$19,"사용중",$F$9:$F$19,"<=10",$F$9:$F$19,">=0") -> 0
A8: 방번호 | B8: 상태 | C8: 코스 | D8: 담당 | E8: 시작 | F8: 남은분 | G8: 종료예정 | H8: 웨이터 안내 | I8: 메모 | J8: 기본상태 | K8: 코스시간 | L8: 시작DT
A9: 101 호실 | B9: =IF(AND($J9="사용중",$F9=0),"종료확인",$J9) -> 빈방 | C9: =IF($J9="빈방","",IFERROR(LOOKUP(2,1/((실시간콜입력!$D$14:$D$3204=$A9)*((실시간콜입력!$O$14:$O$3204="사용중")+(실시간콜입력!$O$14:$O$3204="청소중")+(실시간콜입력!$O$14:$O$3204="예약"))),실시간콜입력!$E$14:$E$3204),"")) | D9: =IF($J9="빈방","",IFERROR(LOOKUP(2,1/((실시간콜입력!$D$14:$D$3204=$A9)*((실시간콜입력!$O$14:$O$3204="사용중")+(실시간콜입력!$O$14:$O$3204="청소중")+(실시간콜입력!$O$14:$O$3204="예약"))),실시간콜입력!$G$14:$G$3204),"")&IF(IFERROR(LOOKUP(2,1/((실시간콜입력!$D$14:$D$3204=$A9)*((실시간콜입력!$O$14:$O$3204="사용중")+(실시간콜입력!$O$14:$O$3204="청소중")+(실시간콜입력!$O$14:$O$3204="예약"))),실시간콜입력!$H$14:$H$3204),"")<>""," / "&IFERROR(LOOKUP(2,1/((실시간콜입력!$D$14:$D$3204=$A9)*((실시간콜입력!$O$14:$O$3204="사용중")+(실시간콜입력!$O$14:$O$3204="청소중")+(실시간콜입력!$O$14:$O$3204="예약"))),실시간콜입력!$H$14:$H$3204),""),"")&IF(IFERROR(LOOKUP(2,1/((실시간콜입력!$D$14:$D$3204=$A9)*((실시간콜입력!$O$14:$O$3204="사용중")+(실시간콜입력!$O$14:$O$3204="청소중")+(실시간콜입력!$O$14:$O$3204="예약"))),실시간콜입력!$I$14:$I$3204),"")<>""," / "&IFERROR(LOOKUP(2,1/((실시간콜입력!$D$14:$D$3204=$A9)*((실시간콜입력!$O$14:$O$3204="사용중")+(실시간콜입력!$O$14:$O$3204="청소중")+(실시간콜입력!$O$14:$O$3204="예약"))),실시간콜입력!$I$14:$I$3204),""),"")) | E9: =IF($J9="빈방","",IFERROR(TIMEVALUE(IFERROR(LOOKUP(2,1/((실시간콜입력!$D$14:$D$3204=$A9)*((실시간콜입력!$O$14:$O$3204="사용중")+(실시간콜입력!$O$14:$O$3204="청소중")+(실시간콜입력!$O$14:$O$3204="예약"))),실시간콜입력!$C$14:$C$3204),"")),IFERROR(LOOKUP(2,1/((실시간콜입력!$D$14:$D$3204=$A9)*((실시간콜입력!$O$14:$O$3204="사용중")+(실시간콜입력!$O$14:$O$3204="청소중")+(실시간콜입력!$O$14:$O$3204="예약"))),실시간콜입력!$C$14:$C$3204),""))) | F9: =IF($J9<>"사용중","",MAX(0,ROUND((($L9+$K9/1440)-NOW())*1440,0))) | G9: =IF($J9="사용중",$E9+$K9/1440,"") | H9: =IF($B9="빈방","입실 가능",IF($B9="청소중","청소 진행",IF($B9="예약","예약 대기",IF($B9="종료확인","종료 확인 필요",$F9&"분 남음")))) -> 입실 가능 | J9: =IFERROR(LOOKUP(2,1/((실시간콜입력!$D$14:$D$3204=$A9)*((실시간콜입력!$O$14:$O$3204="사용중")+(실시간콜입력!$O$14:$O$3204="청소중")+(실시간콜입력!$O$14:$O$3204="예약"))),실시간콜입력!$O$14:$O$3204),"빈방") -> 빈방 | K9: {=IFERROR(INDEX(TV설정!$E$4:$E$8,MATCH($C9,TV설정!$D$4:$D$8,0)),60)} -> 60 | L9: =IF($E9="","",IF($E9<TIME(3,0,0),IF(MOD(NOW(),1)<TIME(3,0,0),TODAY()+$E9,TODAY()+1+$E9),TODAY()+$E9))
A10: 102 호실 | B10: =IF(AND($J10="사용중",$F10=0),"종료확인",$J10) -> 빈방 | C10: =IF($J10="빈방","",IFERROR(LOOKUP(2,1/((실시간콜입력!$D$14:$D$3204=$A10)*((실시간콜입력!$O$14:$O$3204="사용중")+(실시간콜입력!$O$14:$O$3204="청소중")+(실시간콜입력!$O$14:$O$3204="예약"))),실시간콜입력!$E$14:$E$3204),"")) | D10: =IF($J10="빈방","",IFERROR(LOOKUP(2,1/((실시간콜입력!$D$14:$D$3204=$A10)*((실시간콜입력!$O$14:$O$3204="사용중")+(실시간콜입력!$O$14:$O$3204="청소중")+(실시간콜입력!$O$14:$O$3204="예약"))),실시간콜입력!$G$14:$G$3204),"")&IF(IFERROR(LOOKUP(2,1/((실시간콜입력!$D$14:$D$3204=$A10)*((실시간콜입력!$O$14:$O$3204="사용중")+(실시간콜입력!$O$14:$O$3204="청소중")+(실시간콜입력!$O$14:$O$3204="예약"))),실시간콜입력!$H$14:$H$3204),"")<>""," / "&IFERROR(LOOKUP(2,1/((실시간콜입력!$D$14:$D$3204=$A10)*((실시간콜입력!$O$14:$O$3204="사용중")+(실시간콜입력!$O$14:$O$3204="청소중")+(실시간콜입력!$O$14:$O$3204="예약"))),실시간콜입력!$H$14:$H$3204),""),"")&IF(IFERROR(LOOKUP(2,1/((실시간콜입력!$D$14:$D$3204=$A10)*((실시간콜입력!$O$14:$O$3204="사용중")+(실시간콜입력!$O$14:$O$3204="청소중")+(실시간콜입력!$O$14:$O$3204="예약"))),실시간콜입력!$I$14:$I$3204),"")<>""," / "&IFERROR(LOOKUP(2,1/((실시간콜입력!$D$14:$D$3204=$A10)*((실시간콜입력!$O$14:$O$3204="사용중")+(실시간콜입력!$O$14:$O$3204="청소중")+(실시간콜입력!$O$14:$O$3204="예약"))),실시간콜입력!$I$14:$I$3204),""),"")) | E10: =IF($J10="빈방","",IFERROR(TIMEVALUE(IFERROR(LOOKUP(2,1/((실시간콜입력!$D$14:$D$3204=$A10)*((실시간콜입력!$O$14:$O$3204="사용중")+(실시간콜입력!$O$14:$O$3204="청소중")+(실시간콜입력!$O$14:$O$3204="예약"))),실시간콜입력!$C$14:$C$3204),"")),IFERROR(LOOKUP(2,1/((실시간콜입력!$D$14:$D$3204=$A10)*((실시간콜입력!$O$14:$O$3204="사용중")+(실시간콜입력!$O$14:$O$3204="청소중")+(실시간콜입력!$O$14:$O$3204="예약"))),실시간콜입력!$C$14:$C$3204),""))) | F10: =IF($J10<>"사용중","",MAX(0,ROUND((($L10+$K10/1440)-NOW())*1440,0))) | G10: =IF($J10="사용중",$E10+$K10/1440,"") | H10: =IF($B10="빈방","입실 가능",IF($B10="청소중","청소 진행",IF($B10="예약","예약 대기",IF($B10="종료확인","종료 확인 필요",$F10&"분 남음")))) -> 입실 가능 | J10: =IFERROR(LOOKUP(2,1/((실시간콜입력!$D$14:$D$3204=$A10)*((실시간콜입력!$O$14:$O$3204="사용중")+(실시간콜입력!$O$14:$O$3204="청소중")+(실시간콜입력!$O$14:$O$3204="예약"))),실시간콜입력!$O$14:$O$3204),"빈방") -> 빈방 | K10: {=IFERROR(INDEX(TV설정!$E$4:$E$8,MATCH($C10,TV설정!$D$4:$D$8,0)),60)} -> 60 | L10: =IF($E10="","",IF($E10<TIME(3,0,0),IF(MOD(NOW(),1)<TIME(3,0,0),TODAY()+$E10,TODAY()+1+$E10),TODAY()+$E10))
A11: 103 호실 | B11: =IF(AND($J11="사용중",$F11=0),"종료확인",$J11) -> 빈방 | C11: =IF($J11="빈방","",IFERROR(LOOKUP(2,1/((실시간콜입력!$D$14:$D$3204=$A11)*((실시간콜입력!$O$14:$O$3204="사용중")+(실시간콜입력!$O$14:$O$3204="청소중")+(실시간콜입력!$O$14:$O$3204="예약"))),실시간콜입력!$E$14:$E$3204),"")) | D11: =IF($J11="빈방","",IFERROR(LOOKUP(2,1/((실시간콜입력!$D$14:$D$3204=$A11)*((실시간콜입력!$O$14:$O$3204="사용중")+(실시간콜입력!$O$14:$O$3204="청소중")+(실시간콜입력!$O$14:$O$3204="예약"))),실시간콜입력!$G$14:$G$3204),"")&IF(IFERROR(LOOKUP(2,1/((실시간콜입력!$D$14:$D$3204=$A11)*((실시간콜입력!$O$14:$O$3204="사용중")+(실시간콜입력!$O$14:$O$3204="청소중")+(실시간콜입력!$O$14:$O$3204="예약"))),실시간콜입력!$H$14:$H$3204),"")<>""," / "&IFERROR(LOOKUP(2,1/((실시간콜입력!$D$14:$D$3204=$A11)*((실시간콜입력!$O$14:$O$3204="사용중")+(실시간콜입력!$O$14:$O$3204="청소중")+(실시간콜입력!$O$14:$O$3204="예약"))),실시간콜입력!$H$14:$H$3204),""),"")&IF(IFERROR(LOOKUP(2,1/((실시간콜입력!$D$14:$D$3204=$A11)*((실시간콜입력!$O$14:$O$3204="사용중")+(실시간콜입력!$O$14:$O$3204="청소중")+(실시간콜입력!$O$14:$O$3204="예약"))),실시간콜입력!$I$14:$I$3204),"")<>""," / "&IFERROR(LOOKUP(2,1/((실시간콜입력!$D$14:$D$3204=$A11)*((실시간콜입력!$O$14:$O$3204="사용중")+(실시간콜입력!$O$14:$O$3204="청소중")+(실시간콜입력!$O$14:$O$3204="예약"))),실시간콜입력!$I$14:$I$3204),""),"")) | E11: =IF($J11="빈방","",IFERROR(TIMEVALUE(IFERROR(LOOKUP(2,1/((실시간콜입력!$D$14:$D$3204=$A11)*((실시간콜입력!$O$14:$O$3204="사용중")+(실시간콜입력!$O$14:$O$3204="청소중")+(실시간콜입력!$O$14:$O$3204="예약"))),실시간콜입력!$C$14:$C$3204),"")),IFERROR(LOOKUP(2,1/((실시간콜입력!$D$14:$D$3204=$A11)*((실시간콜입력!$O$14:$O$3204="사용중")+(실시간콜입력!$O$14:$O$3204="청소중")+(실시간콜입력!$O$14:$O$3204="예약"))),실시간콜입력!$C$14:$C$3204),""))) | F11: =IF($J11<>"사용중","",MAX(0,ROUND((($L11+$K11/1440)-NOW())*1440,0))) | G11: =IF($J11="사용중",$E11+$K11/1440,"") | H11: =IF($B11="빈방","입실 가능",IF($B11="청소중","청소 진행",IF($B11="예약","예약 대기",IF($B11="종료확인","종료 확인 필요",$F11&"분 남음")))) -> 입실 가능 | J11: =IFERROR(LOOKUP(2,1/((실시간콜입력!$D$14:$D$3204=$A11)*((실시간콜입력!$O$14:$O$3204="사용중")+(실시간콜입력!$O$14:$O$3204="청소중")+(실시간콜입력!$O$14:$O$3204="예약"))),실시간콜입력!$O$14:$O$3204),"빈방") -> 빈방 | K11: {=IFERROR(INDEX(TV설정!$E$4:$E$8,MATCH($C11,TV설정!$D$4:$D$8,0)),60)} -> 60 | L11: =IF($E11="","",IF($E11<TIME(3,0,0),IF(MOD(NOW(),1)<TIME(3,0,0),TODAY()+$E11,TODAY()+1+$E11),TODAY()+$E11))
A12: 201 호실 | B12: =IF(AND($J12="사용중",$F12=0),"종료확인",$J12) -> 빈방 | C12: =IF($J12="빈방","",IFERROR(LOOKUP(2,1/((실시간콜입력!$D$14:$D$3204=$A12)*((실시간콜입력!$O$14:$O$3204="사용중")+(실시간콜입력!$O$14:$O$3204="청소중")+(실시간콜입력!$O$14:$O$3204="예약"))),실시간콜입력!$E$14:$E$3204),"")) | D12: =IF($J12="빈방","",IFERROR(LOOKUP(2,1/((실시간콜입력!$D$14:$D$3204=$A12)*((실시간콜입력!$O$14:$O$3204="사용중")+(실시간콜입력!$O$14:$O$3204="청소중")+(실시간콜입력!$O$14:$O$3204="예약"))),실시간콜입력!$G$14:$G$3204),"")&IF(IFERROR(LOOKUP(2,1/((실시간콜입력!$D$14:$D$3204=$A12)*((실시간콜입력!$O$14:$O$3204="사용중")+(실시간콜입력!$O$14:$O$3204="청소중")+(실시간콜입력!$O$14:$O$3204="예약"))),실시간콜입력!$H$14:$H$3204),"")<>""," / "&IFERROR(LOOKUP(2,1/((실시간콜입력!$D$14:$D$3204=$A12)*((실시간콜입력!$O$14:$O$3204="사용중")+(실시간콜입력!$O$14:$O$3204="청소중")+(실시간콜입력!$O$14:$O$3204="예약"))),실시간콜입력!$H$14:$H$3204),""),"")&IF(IFERROR(LOOKUP(2,1/((실시간콜입력!$D$14:$D$3204=$A12)*((실시간콜입력!$O$14:$O$3204="사용중")+(실시간콜입력!$O$14:$O$3204="청소중")+(실시간콜입력!$O$14:$O$3204="예약"))),실시간콜입력!$I$14:$I$3204),"")<>""," / "&IFERROR(LOOKUP(2,1/((실시간콜입력!$D$14:$D$3204=$A12)*((실시간콜입력!$O$14:$O$3204="사용중")+(실시간콜입력!$O$14:$O$3204="청소중")+(실시간콜입력!$O$14:$O$3204="예약"))),실시간콜입력!$I$14:$I$3204),""),"")) | E12: =IF($J12="빈방","",IFERROR(TIMEVALUE(IFERROR(LOOKUP(2,1/((실시간콜입력!$D$14:$D$3204=$A12)*((실시간콜입력!$O$14:$O$3204="사용중")+(실시간콜입력!$O$14:$O$3204="청소중")+(실시간콜입력!$O$14:$O$3204="예약"))),실시간콜입력!$C$14:$C$3204),"")),IFERROR(LOOKUP(2,1/((실시간콜입력!$D$14:$D$3204=$A12)*((실시간콜입력!$O$14:$O$3204="사용중")+(실시간콜입력!$O$14:$O$3204="청소중")+(실시간콜입력!$O$14:$O$3204="예약"))),실시간콜입력!$C$14:$C$3204),""))) | F12: =IF($J12<>"사용중","",MAX(0,ROUND((($L12+$K12/1440)-NOW())*1440,0))) | G12: =IF($J12="사용중",$E12+$K12/1440,"") | H12: =IF($B12="빈방","입실 가능",IF($B12="청소중","청소 진행",IF($B12="예약","예약 대기",IF($B12="종료확인","종료 확인 필요",$F12&"분 남음")))) -> 입실 가능 | J12: =IFERROR(LOOKUP(2,1/((실시간콜입력!$D$14:$D$3204=$A12)*((실시간콜입력!$O$14:$O$3204="사용중")+(실시간콜입력!$O$14:$O$3204="청소중")+(실시간콜입력!$O$14:$O$3204="예약"))),실시간콜입력!$O$14:$O$3204),"빈방") -> 빈방 | K12: {=IFERROR(INDEX(TV설정!$E$4:$E$8,MATCH($C12,TV설정!$D$4:$D$8,0)),60)} -> 60 | L12: =IF($E12="","",IF($E12<TIME(3,0,0),IF(MOD(NOW(),1)<TIME(3,0,0),TODAY()+$E12,TODAY()+1+$E12),TODAY()+$E12))
A13: 202 호실 | B13: =IF(AND($J13="사용중",$F13=0),"종료확인",$J13) -> 빈방 | C13: =IF($J13="빈방","",IFERROR(LOOKUP(2,1/((실시간콜입력!$D$14:$D$3204=$A13)*((실시간콜입력!$O$14:$O$3204="사용중")+(실시간콜입력!$O$14:$O$3204="청소중")+(실시간콜입력!$O$14:$O$3204="예약"))),실시간콜입력!$E$14:$E$3204),"")) | D13: =IF($J13="빈방","",IFERROR(LOOKUP(2,1/((실시간콜입력!$D$14:$D$3204=$A13)*((실시간콜입력!$O$14:$O$3204="사용중")+(실시간콜입력!$O$14:$O$3204="청소중")+(실시간콜입력!$O$14:$O$3204="예약"))),실시간콜입력!$G$14:$G$3204),"")&IF(IFERROR(LOOKUP(2,1/((실시간콜입력!$D$14:$D$3204=$A13)*((실시간콜입력!$O$14:$O$3204="사용중")+(실시간콜입력!$O$14:$O$3204="청소중")+(실시간콜입력!$O$14:$O$3204="예약"))),실시간콜입력!$H$14:$H$3204),"")<>""," / "&IFERROR(LOOKUP(2,1/((실시간콜입력!$D$14:$D$3204=$A13)*((실시간콜입력!$O$14:$O$3204="사용중")+(실시간콜입력!$O$14:$O$3204="청소중")+(실시간콜입력!$O$14:$O$3204="예약"))),실시간콜입력!$H$14:$H$3204),""),"")&IF(IFERROR(LOOKUP(2,1/((실시간콜입력!$D$14:$D$3204=$A13)*((실시간콜입력!$O$14:$O$3204="사용중")+(실시간콜입력!$O$14:$O$3204="청소중")+(실시간콜입력!$O$14:$O$3204="예약"))),실시간콜입력!$I$14:$I$3204),"")<>""," / "&IFERROR(LOOKUP(2,1/((실시간콜입력!$D$14:$D$3204=$A13)*((실시간콜입력!$O$14:$O$3204="사용중")+(실시간콜입력!$O$14:$O$3204="청소중")+(실시간콜입력!$O$14:$O$3204="예약"))),실시간콜입력!$I$14:$I$3204),""),"")) | E13: =IF($J13="빈방","",IFERROR(TIMEVALUE(IFERROR(LOOKUP(2,1/((실시간콜입력!$D$14:$D$3204=$A13)*((실시간콜입력!$O$14:$O$3204="사용중")+(실시간콜입력!$O$14:$O$3204="청소중")+(실시간콜입력!$O$14:$O$3204="예약"))),실시간콜입력!$C$14:$C$3204),"")),IFERROR(LOOKUP(2,1/((실시간콜입력!$D$14:$D$3204=$A13)*((실시간콜입력!$O$14:$O$3204="사용중")+(실시간콜입력!$O$14:$O$3204="청소중")+(실시간콜입력!$O$14:$O$3204="예약"))),실시간콜입력!$C$14:$C$3204),""))) | F13: =IF($J13<>"사용중","",MAX(0,ROUND((($L13+$K13/1440)-NOW())*1440,0))) | G13: =IF($J13="사용중",$E13+$K13/1440,"") | H13: =IF($B13="빈방","입실 가능",IF($B13="청소중","청소 진행",IF($B13="예약","예약 대기",IF($B13="종료확인","종료 확인 필요",$F13&"분 남음")))) -> 입실 가능 | J13: =IFERROR(LOOKUP(2,1/((실시간콜입력!$D$14:$D$3204=$A13)*((실시간콜입력!$O$14:$O$3204="사용중")+(실시간콜입력!$O$14:$O$3204="청소중")+(실시간콜입력!$O$14:$O$3204="예약"))),실시간콜입력!$O$14:$O$3204),"빈방") -> 빈방 | K13: {=IFERROR(INDEX(TV설정!$E$4:$E$8,MATCH($C13,TV설정!$D$4:$D$8,0)),60)} -> 60 | L13: =IF($E13="","",IF($E13<TIME(3,0,0),IF(MOD(NOW(),1)<TIME(3,0,0),TODAY()+$E13,TODAY()+1+$E13),TODAY()+$E13))
A14: 203 호실 | B14: =IF(AND($J14="사용중",$F14=0),"종료확인",$J14) -> 빈방 | C14: =IF($J14="빈방","",IFERROR(LOOKUP(2,1/((실시간콜입력!$D$14:$D$3204=$A14)*((실시간콜입력!$O$14:$O$3204="사용중")+(실시간콜입력!$O$14:$O$3204="청소중")+(실시간콜입력!$O$14:$O$3204="예약"))),실시간콜입력!$E$14:$E$3204),"")) | D14: =IF($J14="빈방","",IFERROR(LOOKUP(2,1/((실시간콜입력!$D$14:$D$3204=$A14)*((실시간콜입력!$O$14:$O$3204="사용중")+(실시간콜입력!$O$14:$O$3204="청소중")+(실시간콜입력!$O$14:$O$3204="예약"))),실시간콜입력!$G$14:$G$3204),"")&IF(IFERROR(LOOKUP(2,1/((실시간콜입력!$D$14:$D$3204=$A14)*((실시간콜입력!$O$14:$O$3204="사용중")+(실시간콜입력!$O$14:$O$3204="청소중")+(실시간콜입력!$O$14:$O$3204="예약"))),실시간콜입력!$H$14:$H$3204),"")<>""," / "&IFERROR(LOOKUP(2,1/((실시간콜입력!$D$14:$D$3204=$A14)*((실시간콜입력!$O$14:$O$3204="사용중")+(실시간콜입력!$O$14:$O$3204="청소중")+(실시간콜입력!$O$14:$O$3204="예약"))),실시간콜입력!$H$14:$H$3204),""),"")&IF(IFERROR(LOOKUP(2,1/((실시간콜입력!$D$14:$D$3204=$A14)*((실시간콜입력!$O$14:$O$3204="사용중")+(실시간콜입력!$O$14:$O$3204="청소중")+(실시간콜입력!$O$14:$O$3204="예약"))),실시간콜입력!$I$14:$I$3204),"")<>""," / "&IFERROR(LOOKUP(2,1/((실시간콜입력!$D$14:$D$3204=$A14)*((실시간콜입력!$O$14:$O$3204="사용중")+(실시간콜입력!$O$14:$O$3204="청소중")+(실시간콜입력!$O$14:$O$3204="예약"))),실시간콜입력!$I$14:$I$3204),""),"")) | E14: =IF($J14="빈방","",IFERROR(TIMEVALUE(IFERROR(LOOKUP(2,1/((실시간콜입력!$D$14:$D$3204=$A14)*((실시간콜입력!$O$14:$O$3204="사용중")+(실시간콜입력!$O$14:$O$3204="청소중")+(실시간콜입력!$O$14:$O$3204="예약"))),실시간콜입력!$C$14:$C$3204),"")),IFERROR(LOOKUP(2,1/((실시간콜입력!$D$14:$D$3204=$A14)*((실시간콜입력!$O$14:$O$3204="사용중")+(실시간콜입력!$O$14:$O$3204="청소중")+(실시간콜입력!$O$14:$O$3204="예약"))),실시간콜입력!$C$14:$C$3204),""))) | F14: =IF($J14<>"사용중","",MAX(0,ROUND((($L14+$K14/1440)-NOW())*1440,0))) | G14: =IF($J14="사용중",$E14+$K14/1440,"") | H14: =IF($B14="빈방","입실 가능",IF($B14="청소중","청소 진행",IF($B14="예약","예약 대기",IF($B14="종료확인","종료 확인 필요",$F14&"분 남음")))) -> 입실 가능 | J14: =IFERROR(LOOKUP(2,1/((실시간콜입력!$D$14:$D$3204=$A14)*((실시간콜입력!$O$14:$O$3204="사용중")+(실시간콜입력!$O$14:$O$3204="청소중")+(실시간콜입력!$O$14:$O$3204="예약"))),실시간콜입력!$O$14:$O$3204),"빈방") -> 빈방 | K14: {=IFERROR(INDEX(TV설정!$E$4:$E$8,MATCH($C14,TV설정!$D$4:$D$8,0)),60)} -> 60 | L14: =IF($E14="","",IF($E14<TIME(3,0,0),IF(MOD(NOW(),1)<TIME(3,0,0),TODAY()+$E14,TODAY()+1+$E14),TODAY()+$E14))
A15: 301 호실 | B15: =IF(AND($J15="사용중",$F15=0),"종료확인",$J15) -> 빈방 | C15: =IF($J15="빈방","",IFERROR(LOOKUP(2,1/((실시간콜입력!$D$14:$D$3204=$A15)*((실시간콜입력!$O$14:$O$3204="사용중")+(실시간콜입력!$O$14:$O$3204="청소중")+(실시간콜입력!$O$14:$O$3204="예약"))),실시간콜입력!$E$14:$E$3204),"")) | D15: =IF($J15="빈방","",IFERROR(LOOKUP(2,1/((실시간콜입력!$D$14:$D$3204=$A15)*((실시간콜입력!$O$14:$O$3204="사용중")+(실시간콜입력!$O$14:$O$3204="청소중")+(실시간콜입력!$O$14:$O$3204="예약"))),실시간콜입력!$G$14:$G$3204),"")&IF(IFERROR(LOOKUP(2,1/((실시간콜입력!$D$14:$D$3204=$A15)*((실시간콜입력!$O$14:$O$3204="사용중")+(실시간콜입력!$O$14:$O$3204="청소중")+(실시간콜입력!$O$14:$O$3204="예약"))),실시간콜입력!$H$14:$H$3204),"")<>""," / "&IFERROR(LOOKUP(2,1/((실시간콜입력!$D$14:$D$3204=$A15)*((실시간콜입력!$O$14:$O$3204="사용중")+(실시간콜입력!$O$14:$O$3204="청소중")+(실시간콜입력!$O$14:$O$3204="예약"))),실시간콜입력!$H$14:$H$3204),""),"")&IF(IFERROR(LOOKUP(2,1/((실시간콜입력!$D$14:$D$3204=$A15)*((실시간콜입력!$O$14:$O$3204="사용중")+(실시간콜입력!$O$14:$O$3204="청소중")+(실시간콜입력!$O$14:$O$3204="예약"))),실시간콜입력!$I$14:$I$3204),"")<>""," / "&IFERROR(LOOKUP(2,1/((실시간콜입력!$D$14:$D$3204=$A15)*((실시간콜입력!$O$14:$O$3204="사용중")+(실시간콜입력!$O$14:$O$3204="청소중")+(실시간콜입력!$O$14:$O$3204="예약"))),실시간콜입력!$I$14:$I$3204),""),"")) | E15: =IF($J15="빈방","",IFERROR(TIMEVALUE(IFERROR(LOOKUP(2,1/((실시간콜입력!$D$14:$D$3204=$A15)*((실시간콜입력!$O$14:$O$3204="사용중")+(실시간콜입력!$O$14:$O$3204="청소중")+(실시간콜입력!$O$14:$O$3204="예약"))),실시간콜입력!$C$14:$C$3204),"")),IFERROR(LOOKUP(2,1/((실시간콜입력!$D$14:$D$3204=$A15)*((실시간콜입력!$O$14:$O$3204="사용중")+(실시간콜입력!$O$14:$O$3204="청소중")+(실시간콜입력!$O$14:$O$3204="예약"))),실시간콜입력!$C$14:$C$3204),""))) | F15: =IF($J15<>"사용중","",MAX(0,ROUND((($L15+$K15/1440)-NOW())*1440,0))) | G15: =IF($J15="사용중",$E15+$K15/1440,"") | H15: =IF($B15="빈방","입실 가능",IF($B15="청소중","청소 진행",IF($B15="예약","예약 대기",IF($B15="종료확인","종료 확인 필요",$F15&"분 남음")))) -> 입실 가능 | J15: =IFERROR(LOOKUP(2,1/((실시간콜입력!$D$14:$D$3204=$A15)*((실시간콜입력!$O$14:$O$3204="사용중")+(실시간콜입력!$O$14:$O$3204="청소중")+(실시간콜입력!$O$14:$O$3204="예약"))),실시간콜입력!$O$14:$O$3204),"빈방") -> 빈방 | K15: {=IFERROR(INDEX(TV설정!$E$4:$E$8,MATCH($C15,TV설정!$D$4:$D$8,0)),60)} -> 60 | L15: =IF($E15="","",IF($E15<TIME(3,0,0),IF(MOD(NOW(),1)<TIME(3,0,0),TODAY()+$E15,TODAY()+1+$E15),TODAY()+$E15))
A16: 302 호실 | B16: =IF(AND($J16="사용중",$F16=0),"종료확인",$J16) -> 빈방 | C16: =IF($J16="빈방","",IFERROR(LOOKUP(2,1/((실시간콜입력!$D$14:$D$3204=$A16)*((실시간콜입력!$O$14:$O$3204="사용중")+(실시간콜입력!$O$14:$O$3204="청소중")+(실시간콜입력!$O$14:$O$3204="예약"))),실시간콜입력!$E$14:$E$3204),"")) | D16: =IF($J16="빈방","",IFERROR(LOOKUP(2,1/((실시간콜입력!$D$14:$D$3204=$A16)*((실시간콜입력!$O$14:$O$3204="사용중")+(실시간콜입력!$O$14:$O$3204="청소중")+(실시간콜입력!$O$14:$O$3204="예약"))),실시간콜입력!$G$14:$G$3204),"")&IF(IFERROR(LOOKUP(2,1/((실시간콜입력!$D$14:$D$3204=$A16)*((실시간콜입력!$O$14:$O$3204="사용중")+(실시간콜입력!$O$14:$O$3204="청소중")+(실시간콜입력!$O$14:$O$3204="예약"))),실시간콜입력!$H$14:$H$3204),"")<>""," / "&IFERROR(LOOKUP(2,1/((실시간콜입력!$D$14:$D$3204=$A16)*((실시간콜입력!$O$14:$O$3204="사용중")+(실시간콜입력!$O$14:$O$3204="청소중")+(실시간콜입력!$O$14:$O$3204="예약"))),실시간콜입력!$H$14:$H$3204),""),"")&IF(IFERROR(LOOKUP(2,1/((실시간콜입력!$D$14:$D$3204=$A16)*((실시간콜입력!$O$14:$O$3204="사용중")+(실시간콜입력!$O$14:$O$3204="청소중")+(실시간콜입력!$O$14:$O$3204="예약"))),실시간콜입력!$I$14:$I$3204),"")<>""," / "&IFERROR(LOOKUP(2,1/((실시간콜입력!$D$14:$D$3204=$A16)*((실시간콜입력!$O$14:$O$3204="사용중")+(실시간콜입력!$O$14:$O$3204="청소중")+(실시간콜입력!$O$14:$O$3204="예약"))),실시간콜입력!$I$14:$I$3204),""),"")) | E16: =IF($J16="빈방","",IFERROR(TIMEVALUE(IFERROR(LOOKUP(2,1/((실시간콜입력!$D$14:$D$3204=$A16)*((실시간콜입력!$O$14:$O$3204="사용중")+(실시간콜입력!$O$14:$O$3204="청소중")+(실시간콜입력!$O$14:$O$3204="예약"))),실시간콜입력!$C$14:$C$3204),"")),IFERROR(LOOKUP(2,1/((실시간콜입력!$D$14:$D$3204=$A16)*((실시간콜입력!$O$14:$O$3204="사용중")+(실시간콜입력!$O$14:$O$3204="청소중")+(실시간콜입력!$O$14:$O$3204="예약"))),실시간콜입력!$C$14:$C$3204),""))) | F16: =IF($J16<>"사용중","",MAX(0,ROUND((($L16+$K16/1440)-NOW())*1440,0))) | G16: =IF($J16="사용중",$E16+$K16/1440,"") | H16: =IF($B16="빈방","입실 가능",IF($B16="청소중","청소 진행",IF($B16="예약","예약 대기",IF($B16="종료확인","종료 확인 필요",$F16&"분 남음")))) -> 입실 가능 | J16: =IFERROR(LOOKUP(2,1/((실시간콜입력!$D$14:$D$3204=$A16)*((실시간콜입력!$O$14:$O$3204="사용중")+(실시간콜입력!$O$14:$O$3204="청소중")+(실시간콜입력!$O$14:$O$3204="예약"))),실시간콜입력!$O$14:$O$3204),"빈방") -> 빈방 | K16: {=IFERROR(INDEX(TV설정!$E$4:$E$8,MATCH($C16,TV설정!$D$4:$D$8,0)),60)} -> 60 | L16: =IF($E16="","",IF($E16<TIME(3,0,0),IF(MOD(NOW(),1)<TIME(3,0,0),TODAY()+$E16,TODAY()+1+$E16),TODAY()+$E16))
A17: 303 호실 | B17: =IF(AND($J17="사용중",$F17=0),"종료확인",$J17) -> 빈방 | C17: =IF($J17="빈방","",IFERROR(LOOKUP(2,1/((실시간콜입력!$D$14:$D$3204=$A17)*((실시간콜입력!$O$14:$O$3204="사용중")+(실시간콜입력!$O$14:$O$3204="청소중")+(실시간콜입력!$O$14:$O$3204="예약"))),실시간콜입력!$E$14:$E$3204),"")) | D17: =IF($J17="빈방","",IFERROR(LOOKUP(2,1/((실시간콜입력!$D$14:$D$3204=$A17)*((실시간콜입력!$O$14:$O$3204="사용중")+(실시간콜입력!$O$14:$O$3204="청소중")+(실시간콜입력!$O$14:$O$3204="예약"))),실시간콜입력!$G$14:$G$3204),"")&IF(IFERROR(LOOKUP(2,1/((실시간콜입력!$D$14:$D$3204=$A17)*((실시간콜입력!$O$14:$O$3204="사용중")+(실시간콜입력!$O$14:$O$3204="청소중")+(실시간콜입력!$O$14:$O$3204="예약"))),실시간콜입력!$H$14:$H$3204),"")<>""," / "&IFERROR(LOOKUP(2,1/((실시간콜입력!$D$14:$D$3204=$A17)*((실시간콜입력!$O$14:$O$3204="사용중")+(실시간콜입력!$O$14:$O$3204="청소중")+(실시간콜입력!$O$14:$O$3204="예약"))),실시간콜입력!$H$14:$H$3204),""),"")&IF(IFERROR(LOOKUP(2,1/((실시간콜입력!$D$14:$D$3204=$A17)*((실시간콜입력!$O$14:$O$3204="사용중")+(실시간콜입력!$O$14:$O$3204="청소중")+(실시간콜입력!$O$14:$O$3204="예약"))),실시간콜입력!$I$14:$I$3204),"")<>""," / "&IFERROR(LOOKUP(2,1/((실시간콜입력!$D$14:$D$3204=$A17)*((실시간콜입력!$O$14:$O$3204="사용중")+(실시간콜입력!$O$14:$O$3204="청소중")+(실시간콜입력!$O$14:$O$3204="예약"))),실시간콜입력!$I$14:$I$3204),""),"")) | E17: =IF($J17="빈방","",IFERROR(TIMEVALUE(IFERROR(LOOKUP(2,1/((실시간콜입력!$D$14:$D$3204=$A17)*((실시간콜입력!$O$14:$O$3204="사용중")+(실시간콜입력!$O$14:$O$3204="청소중")+(실시간콜입력!$O$14:$O$3204="예약"))),실시간콜입력!$C$14:$C$3204),"")),IFERROR(LOOKUP(2,1/((실시간콜입력!$D$14:$D$3204=$A17)*((실시간콜입력!$O$14:$O$3204="사용중")+(실시간콜입력!$O$14:$O$3204="청소중")+(실시간콜입력!$O$14:$O$3204="예약"))),실시간콜입력!$C$14:$C$3204),""))) | F17: =IF($J17<>"사용중","",MAX(0,ROUND((($L17+$K17/1440)-NOW())*1440,0))) | G17: =IF($J17="사용중",$E17+$K17/1440,"") | H17: =IF($B17="빈방","입실 가능",IF($B17="청소중","청소 진행",IF($B17="예약","예약 대기",IF($B17="종료확인","종료 확인 필요",$F17&"분 남음")))) -> 입실 가능 | J17: =IFERROR(LOOKUP(2,1/((실시간콜입력!$D$14:$D$3204=$A17)*((실시간콜입력!$O$14:$O$3204="사용중")+(실시간콜입력!$O$14:$O$3204="청소중")+(실시간콜입력!$O$14:$O$3204="예약"))),실시간콜입력!$O$14:$O$3204),"빈방") -> 빈방 | K17: {=IFERROR(INDEX(TV설정!$E$4:$E$8,MATCH($C17,TV설정!$D$4:$D$8,0)),60)} -> 60 | L17: =IF($E17="","",IF($E17<TIME(3,0,0),IF(MOD(NOW(),1)<TIME(3,0,0),TODAY()+$E17,TODAY()+1+$E17),TODAY()+$E17))
A18: 401 호실 | B18: =IF(AND($J18="사용중",$F18=0),"종료확인",$J18) -> 빈방 | C18: =IF($J18="빈방","",IFERROR(LOOKUP(2,1/((실시간콜입력!$D$14:$D$3204=$A18)*((실시간콜입력!$O$14:$O$3204="사용중")+(실시간콜입력!$O$14:$O$3204="청소중")+(실시간콜입력!$O$14:$O$3204="예약"))),실시간콜입력!$E$14:$E$3204),"")) | D18: =IF($J18="빈방","",IFERROR(LOOKUP(2,1/((실시간콜입력!$D$14:$D$3204=$A18)*((실시간콜입력!$O$14:$O$3204="사용중")+(실시간콜입력!$O$14:$O$3204="청소중")+(실시간콜입력!$O$14:$O$3204="예약"))),실시간콜입력!$G$14:$G$3204),"")&IF(IFERROR(LOOKUP(2,1/((실시간콜입력!$D$14:$D$3204=$A18)*((실시간콜입력!$O$14:$O$3204="사용중")+(실시간콜입력!$O$14:$O$3204="청소중")+(실시간콜입력!$O$14:$O$3204="예약"))),실시간콜입력!$H$14:$H$3204),"")<>""," / "&IFERROR(LOOKUP(2,1/((실시간콜입력!$D$14:$D$3204=$A18)*((실시간콜입력!$O$14:$O$3204="사용중")+(실시간콜입력!$O$14:$O$3204="청소중")+(실시간콜입력!$O$14:$O$3204="예약"))),실시간콜입력!$H$14:$H$3204),""),"")&IF(IFERROR(LOOKUP(2,1/((실시간콜입력!$D$14:$D$3204=$A18)*((실시간콜입력!$O$14:$O$3204="사용중")+(실시간콜입력!$O$14:$O$3204="청소중")+(실시간콜입력!$O$14:$O$3204="예약"))),실시간콜입력!$I$14:$I$3204),"")<>""," / "&IFERROR(LOOKUP(2,1/((실시간콜입력!$D$14:$D$3204=$A18)*((실시간콜입력!$O$14:$O$3204="사용중")+(실시간콜입력!$O$14:$O$3204="청소중")+(실시간콜입력!$O$14:$O$3204="예약"))),실시간콜입력!$I$14:$I$3204),""),"")) | E18: =IF($J18="빈방","",IFERROR(TIMEVALUE(IFERROR(LOOKUP(2,1/((실시간콜입력!$D$14:$D$3204=$A18)*((실시간콜입력!$O$14:$O$3204="사용중")+(실시간콜입력!$O$14:$O$3204="청소중")+(실시간콜입력!$O$14:$O$3204="예약"))),실시간콜입력!$C$14:$C$3204),"")),IFERROR(LOOKUP(2,1/((실시간콜입력!$D$14:$D$3204=$A18)*((실시간콜입력!$O$14:$O$3204="사용중")+(실시간콜입력!$O$14:$O$3204="청소중")+(실시간콜입력!$O$14:$O$3204="예약"))),실시간콜입력!$C$14:$C$3204),""))) | F18: =IF($J18<>"사용중","",MAX(0,ROUND((($L18+$K18/1440)-NOW())*1440,0))) | G18: =IF($J18="사용중",$E18+$K18/1440,"") | H18: =IF($B18="빈방","입실 가능",IF($B18="청소중","청소 진행",IF($B18="예약","예약 대기",IF($B18="종료확인","종료 확인 필요",$F18&"분 남음")))) -> 입실 가능 | J18: =IFERROR(LOOKUP(2,1/((실시간콜입력!$D$14:$D$3204=$A18)*((실시간콜입력!$O$14:$O$3204="사용중")+(실시간콜입력!$O$14:$O$3204="청소중")+(실시간콜입력!$O$14:$O$3204="예약"))),실시간콜입력!$O$14:$O$3204),"빈방") -> 빈방 | K18: {=IFERROR(INDEX(TV설정!$E$4:$E$8,MATCH($C18,TV설정!$D$4:$D$8,0)),60)} -> 60 | L18: =IF($E18="","",IF($E18<TIME(3,0,0),IF(MOD(NOW(),1)<TIME(3,0,0),TODAY()+$E18,TODAY()+1+$E18),TODAY()+$E18))
A19: 402 호실 | B19: =IF(AND($J19="사용중",$F19=0),"종료확인",$J19) -> 빈방 | C19: =IF($J19="빈방","",IFERROR(LOOKUP(2,1/((실시간콜입력!$D$14:$D$3204=$A19)*((실시간콜입력!$O$14:$O$3204="사용중")+(실시간콜입력!$O$14:$O$3204="청소중")+(실시간콜입력!$O$14:$O$3204="예약"))),실시간콜입력!$E$14:$E$3204),"")) | D19: =IF($J19="빈방","",IFERROR(LOOKUP(2,1/((실시간콜입력!$D$14:$D$3204=$A19)*((실시간콜입력!$O$14:$O$3204="사용중")+(실시간콜입력!$O$14:$O$3204="청소중")+(실시간콜입력!$O$14:$O$3204="예약"))),실시간콜입력!$G$14:$G$3204),"")&IF(IFERROR(LOOKUP(2,1/((실시간콜입력!$D$14:$D$3204=$A19)*((실시간콜입력!$O$14:$O$3204="사용중")+(실시간콜입력!$O$14:$O$3204="청소중")+(실시간콜입력!$O$14:$O$3204="예약"))),실시간콜입력!$H$14:$H$3204),"")<>""," / "&IFERROR(LOOKUP(2,1/((실시간콜입력!$D$14:$D$3204=$A19)*((실시간콜입력!$O$14:$O$3204="사용중")+(실시간콜입력!$O$14:$O$3204="청소중")+(실시간콜입력!$O$14:$O$3204="예약"))),실시간콜입력!$H$14:$H$3204),""),"")&IF(IFERROR(LOOKUP(2,1/((실시간콜입력!$D$14:$D$3204=$A19)*((실시간콜입력!$O$14:$O$3204="사용중")+(실시간콜입력!$O$14:$O$3204="청소중")+(실시간콜입력!$O$14:$O$3204="예약"))),실시간콜입력!$I$14:$I$3204),"")<>""," / "&IFERROR(LOOKUP(2,1/((실시간콜입력!$D$14:$D$3204=$A19)*((실시간콜입력!$O$14:$O$3204="사용중")+(실시간콜입력!$O$14:$O$3204="청소중")+(실시간콜입력!$O$14:$O$3204="예약"))),실시간콜입력!$I$14:$I$3204),""),"")) | E19: =IF($J19="빈방","",IFERROR(TIMEVALUE(IFERROR(LOOKUP(2,1/((실시간콜입력!$D$14:$D$3204=$A19)*((실시간콜입력!$O$14:$O$3204="사용중")+(실시간콜입력!$O$14:$O$3204="청소중")+(실시간콜입력!$O$14:$O$3204="예약"))),실시간콜입력!$C$14:$C$3204),"")),IFERROR(LOOKUP(2,1/((실시간콜입력!$D$14:$D$3204=$A19)*((실시간콜입력!$O$14:$O$3204="사용중")+(실시간콜입력!$O$14:$O$3204="청소중")+(실시간콜입력!$O$14:$O$3204="예약"))),실시간콜입력!$C$14:$C$3204),""))) | F19: =IF($J19<>"사용중","",MAX(0,ROUND((($L19+$K19/1440)-NOW())*1440,0))) | G19: =IF($J19="사용중",$E19+$K19/1440,"") | H19: =IF($B19="빈방","입실 가능",IF($B19="청소중","청소 진행",IF($B19="예약","예약 대기",IF($B19="종료확인","종료 확인 필요",$F19&"분 남음")))) -> 입실 가능 | J19: =IFERROR(LOOKUP(2,1/((실시간콜입력!$D$14:$D$3204=$A19)*((실시간콜입력!$O$14:$O$3204="사용중")+(실시간콜입력!$O$14:$O$3204="청소중")+(실시간콜입력!$O$14:$O$3204="예약"))),실시간콜입력!$O$14:$O$3204),"빈방") -> 빈방 | K19: {=IFERROR(INDEX(TV설정!$E$4:$E$8,MATCH($C19,TV설정!$D$4:$D$8,0)),60)} -> 60 | L19: =IF($E19="","",IF($E19<TIME(3,0,0),IF(MOD(NOW(),1)<TIME(3,0,0),TODAY()+$E19,TODAY()+1+$E19),TODAY()+$E19))
A22: 사용 순서: 실시간콜입력에서 시간/방번호/코스/마사지사1/예약상태를 선택하면 TV현황판과 웨이터리스트가 자동 반영됩니다.
A23: 상태 흐름: 예약 → 사용중 → 청소중 → 방문완료. 방문완료/취소/노쇼는 TV에서 자동 제외되어 빈방처럼 표시됩니다.
A24: 남은시간은 사용중 상태에서만 표시됩니다. 시간이 0분이 되면 종료확인으로 표시됩니다.
A25: 구글스프레드시트로 옮긴 뒤 TV현황판 또는 웨이터리스트 시트만 전체화면으로 띄우면 됩니다.

Sheet TV현황판
A1: GANGNAM SPA LIVE ROOM BOARD
A2: 카운터 TV 전체화면용 · 웨이터리스트와 자동 연동
A4: 사용중 | B4: 예약 | C4: 청소중 | D4: 종료확인 | E4: 빈방 | F4: 곧 종료
A5: =웨이터리스트!A5 -> 0 | B5: =웨이터리스트!B5 -> 0 | C5: =웨이터리스트!C5 -> 0 | D5: =웨이터리스트!D5 -> 0 | E5: =웨이터리스트!E5 -> 11 | F5: =웨이터리스트!F5 -> 0
A7: =웨이터리스트!$A$18 -> 401 호실 | D7: =웨이터리스트!$A$19 -> 402 호실
A8: =IF(웨이터리스트!$B$18="사용중","사용중",IF(웨이터리스트!$B$18="청소중","청소중",IF(웨이터리스트!$B$18="예약","예약",IF(웨이터리스트!$B$18="종료확인","종료확인","빈방")))) -> 빈방 | D8: =IF(웨이터리스트!$B$19="사용중","사용중",IF(웨이터리스트!$B$19="청소중","청소중",IF(웨이터리스트!$B$19="예약","예약",IF(웨이터리스트!$B$19="종료확인","종료확인","빈방")))) -> 빈방
A9: =IF(웨이터리스트!$F$18="","","⏱ 남은시간 : "&웨이터리스트!$F$18&"분") | D9: =IF(웨이터리스트!$F$19="","","⏱ 남은시간 : "&웨이터리스트!$F$19&"분")
A10: =IF(OR(웨이터리스트!$B$18="사용중",웨이터리스트!$B$18="예약"),웨이터리스트!$C$18,"") | D10: =IF(OR(웨이터리스트!$B$19="사용중",웨이터리스트!$B$19="예약"),웨이터리스트!$C$19,"")
A11: =IF(웨이터리스트!$D$18="","","담당: "&웨이터리스트!$D$18) | D11: =IF(웨이터리스트!$D$19="","","담당: "&웨이터리스트!$D$19)
A13: =웨이터리스트!$A$15 -> 301 호실 | D13: =웨이터리스트!$A$16 -> 302 호실 | G13: =웨이터리스트!$A$17 -> 303 호실
A14: =IF(웨이터리스트!$B$15="사용중","사용중",IF(웨이터리스트!$B$15="청소중","청소중",IF(웨이터리스트!$B$15="예약","예약",IF(웨이터리스트!$B$15="종료확인","종료확인","빈방")))) -> 빈방 | D14: =IF(웨이터리스트!$B$16="사용중","사용중",IF(웨이터리스트!$B$16="청소중","청소중",IF(웨이터리스트!$B$16="예약","예약",IF(웨이터리스트!$B$16="종료확인","종료확인","빈방")))) -> 빈방 | G14: =IF(웨이터리스트!$B$17="사용중","사용중",IF(웨이터리스트!$B$17="청소중","청소중",IF(웨이터리스트!$B$17="예약","예약",IF(웨이터리스트!$B$17="종료확인","종료확인","빈방")))) -> 빈방
A15: =IF(웨이터리스트!$F$15="","","⏱ 남은시간 : "&웨이터리스트!$F$15&"분") | D15: =IF(웨이터리스트!$F$16="","","⏱ 남은시간 : "&웨이터리스트!$F$16&"분") | G15: =IF(웨이터리스트!$F$17="","","⏱ 남은시간 : "&웨이터리스트!$F$17&"분")
A16: =IF(OR(웨이터리스트!$B$15="사용중",웨이터리스트!$B$15="예약"),웨이터리스트!$C$15,"") | D16: =IF(OR(웨이터리스트!$B$16="사용중",웨이터리스트!$B$16="예약"),웨이터리스트!$C$16,"") | G16: =IF(OR(웨이터리스트!$B$17="사용중",웨이터리스트!$B$17="예약"),웨이터리스트!$C$17,"")
A17: =IF(웨이터리스트!$D$15="","","담당: "&웨이터리스트!$D$15) | D17: =IF(웨이터리스트!$D$16="","","담당: "&웨이터리스트!$D$16) | G17: =IF(웨이터리스트!$D$17="","","담당: "&웨이터리스트!$D$17)
A19: =웨이터리스트!$A$12 -> 201 호실 | D19: =웨이터리스트!$A$13 -> 202 호실 | G19: =웨이터리스트!$A$14 -> 203 호실
A20: =IF(웨이터리스트!$B$12="사용중","사용중",IF(웨이터리스트!$B$12="청소중","청소중",IF(웨이터리스트!$B$12="예약","예약",IF(웨이터리스트!$B$12="종료확인","종료확인","빈방")))) -> 빈방 | D20: =IF(웨이터리스트!$B$13="사용중","사용중",IF(웨이터리스트!$B$13="청소중","청소중",IF(웨이터리스트!$B$13="예약","예약",IF(웨이터리스트!$B$13="종료확인","종료확인","빈방")))) -> 빈방 | G20: =IF(웨이터리스트!$B$14="사용중","사용중",IF(웨이터리스트!$B$14="청소중","청소중",IF(웨이터리스트!$B$14="예약","예약",IF(웨이터리스트!$B$14="종료확인","종료확인","빈방")))) -> 빈방
A21: =IF(웨이터리스트!$F$12="","","⏱ 남은시간 : "&웨이터리스트!$F$12&"분") | D21: =IF(웨이터리스트!$F$13="","","⏱ 남은시간 : "&웨이터리스트!$F$13&"분") | G21: =IF(웨이터리스트!$F$14="","","⏱ 남은시간 : "&웨이터리스트!$F$14&"분")
A22: =IF(OR(웨이터리스트!$B$12="사용중",웨이터리스트!$B$12="예약"),웨이터리스트!$C$12,"") | D22: =IF(OR(웨이터리스트!$B$13="사용중",웨이터리스트!$B$13="예약"),웨이터리스트!$C$13,"") | G22: =IF(OR(웨이터리스트!$B$14="사용중",웨이터리스트!$B$14="예약"),웨이터리스트!$C$14,"")
A23: =IF(웨이터리스트!$D$12="","","담당: "&웨이터리스트!$D$12) | D23: =IF(웨이터리스트!$D$13="","","담당: "&웨이터리스트!$D$13) | G23: =IF(웨이터리스트!$D$14="","","담당: "&웨이터리스트!$D$14)
A25: =웨이터리스트!$A$9 -> 101 호실 | D25: =웨이터리스트!$A$10 -> 102 호실 | G25: =웨이터리스트!$A$11 -> 103 호실
A26: =IF(웨이터리스트!$B$9="사용중","사용중",IF(웨이터리스트!$B$9="청소중","청소중",IF(웨이터리스트!$B$9="예약","예약",IF(웨이터리스트!$B$9="종료확인","종료확인","빈방")))) -> 빈방 | D26: =IF(웨이터리스트!$B$10="사용중","사용중",IF(웨이터리스트!$B$10="청소중","청소중",IF(웨이터리스트!$B$10="예약","예약",IF(웨이터리스트!$B$10="종료확인","종료확인","빈방")))) -> 빈방 | G26: =IF(웨이터리스트!$B$11="사용중","사용중",IF(웨이터리스트!$B$11="청소중","청소중",IF(웨이터리스트!$B$11="예약","예약",IF(웨이터리스트!$B$11="종료확인","종료확인","빈방")))) -> 빈방
A27: =IF(웨이터리스트!$F$9="","","⏱ 남은시간 : "&웨이터리스트!$F$9&"분") | D27: =IF(웨이터리스트!$F$10="","","⏱ 남은시간 : "&웨이터리스트!$F$10&"분") | G27: =IF(웨이터리스트!$F$11="","","⏱ 남은시간 : "&웨이터리스트!$F$11&"분")
A28: =IF(OR(웨이터리스트!$B$9="사용중",웨이터리스트!$B$9="예약"),웨이터리스트!$C$9,"") | D28: =IF(OR(웨이터리스트!$B$10="사용중",웨이터리스트!$B$10="예약"),웨이터리스트!$C$10,"") | G28: =IF(OR(웨이터리스트!$B$11="사용중",웨이터리스트!$B$11="예약"),웨이터리스트!$C$11,"")
A29: =IF(웨이터리스트!$D$9="","","담당: "&웨이터리스트!$D$9) | D29: =IF(웨이터리스트!$D$10="","","담당: "&웨이터리스트!$D$10) | G29: =IF(웨이터리스트!$D$11="","","담당: "&웨이터리스트!$D$11)
A31: TV 사용: 이 시트를 전체화면으로 띄우면 방 상태·코스·남은시간·담당자를 한눈에 볼 수 있습니다.
A32: 수정은 실시간콜입력 시트에서만 하세요. TV현황판은 보는 용도입니다.

Sheet 운영팀근무인센
A1: 운영팀 근무 / 일일인센 / 월인센
A2: 출근상태는 정상/휴무/지각/조퇴/결근 중 선택. 지각·조퇴·결근은 해당일 일일인센 0원 처리.
A4: 날짜 | B4: 총콜 | C4: 일일개인인센 | D4: 팀장상태 | E4: 팀장인센 | F4: 카운터1상태 | G4: 카운터1인센 | H4: 카운터2상태 | I4: 카운터2인센 | J4: 웨이터1상태 | K4: 웨이터1인센 | L4: 웨이터2상태 | M4: 웨이터2인센
A5: =IF(1<=DAY(DATE(YEAR(설정_코스수당!$K$2),MONTH(설정_코스수당!$K$2)+1,0)),DATE(YEAR(설정_코스수당!$K$2),MONTH(설정_코스수당!$K$2),1),"") -> 46174 | B5: =COUNTIFS(실시간콜입력!$B:$B,A5,실시간콜입력!$O:$O,"방문완료") -> 0 | C5: =IF(B5>=설정_코스수당!$A$71,설정_코스수당!$B$71,IF(B5>=설정_코스수당!$A$70,설정_코스수당!$B$70,IF(B5>=설정_코스수당!$A$69,설정_코스수당!$B$69,0))) -> 0 | D5: 정상 | E5: =IF(D5="정상",$C5,0) -> 0 | F5: 정상 | G5: =IF(F5="정상",$C5,0) -> 0 | H5: 정상 | I5: =IF(H5="정상",$C5,0) -> 0 | J5: 정상 | K5: =IF(J5="정상",$C5,0) -> 0 | L5: 정상 | M5: =IF(L5="정상",$C5,0) -> 0
A6: =IF(2<=DAY(DATE(YEAR(설정_코스수당!$K$2),MONTH(설정_코스수당!$K$2)+1,0)),DATE(YEAR(설정_코스수당!$K$2),MONTH(설정_코스수당!$K$2),2),"") -> 46175 | B6: =COUNTIFS(실시간콜입력!$B:$B,A6,실시간콜입력!$O:$O,"방문완료") -> 0 | C6: =IF(B6>=설정_코스수당!$A$71,설정_코스수당!$B$71,IF(B6>=설정_코스수당!$A$70,설정_코스수당!$B$70,IF(B6>=설정_코스수당!$A$69,설정_코스수당!$B$69,0))) -> 0 | D6: 정상 | E6: =IF(D6="정상",$C6,0) -> 0 | F6: 정상 | G6: =IF(F6="정상",$C6,0) -> 0 | H6: 정상 | I6: =IF(H6="정상",$C6,0) -> 0 | J6: 정상 | K6: =IF(J6="정상",$C6,0) -> 0 | L6: 정상 | M6: =IF(L6="정상",$C6,0) -> 0
A7: =IF(3<=DAY(DATE(YEAR(설정_코스수당!$K$2),MONTH(설정_코스수당!$K$2)+1,0)),DATE(YEAR(설정_코스수당!$K$2),MONTH(설정_코스수당!$K$2),3),"") -> 46176 | B7: =COUNTIFS(실시간콜입력!$B:$B,A7,실시간콜입력!$O:$O,"방문완료") -> 0 | C7: =IF(B7>=설정_코스수당!$A$71,설정_코스수당!$B$71,IF(B7>=설정_코스수당!$A$70,설정_코스수당!$B$70,IF(B7>=설정_코스수당!$A$69,설정_코스수당!$B$69,0))) -> 0 | D7: 정상 | E7: =IF(D7="정상",$C7,0) -> 0 | F7: 정상 | G7: =IF(F7="정상",$C7,0) -> 0 | H7: 정상 | I7: =IF(H7="정상",$C7,0) -> 0 | J7: 정상 | K7: =IF(J7="정상",$C7,0) -> 0 | L7: 정상 | M7: =IF(L7="정상",$C7,0) -> 0
A8: =IF(4<=DAY(DATE(YEAR(설정_코스수당!$K$2),MONTH(설정_코스수당!$K$2)+1,0)),DATE(YEAR(설정_코스수당!$K$2),MONTH(설정_코스수당!$K$2),4),"") -> 46177 | B8: =COUNTIFS(실시간콜입력!$B:$B,A8,실시간콜입력!$O:$O,"방문완료") -> 0 | C8: =IF(B8>=설정_코스수당!$A$71,설정_코스수당!$B$71,IF(B8>=설정_코스수당!$A$70,설정_코스수당!$B$70,IF(B8>=설정_코스수당!$A$69,설정_코스수당!$B$69,0))) -> 0 | D8: 정상 | E8: =IF(D8="정상",$C8,0) -> 0 | F8: 정상 | G8: =IF(F8="정상",$C8,0) -> 0 | H8: 정상 | I8: =IF(H8="정상",$C8,0) -> 0 | J8: 정상 | K8: =IF(J8="정상",$C8,0) -> 0 | L8: 정상 | M8: =IF(L8="정상",$C8,0) -> 0
A9: =IF(5<=DAY(DATE(YEAR(설정_코스수당!$K$2),MONTH(설정_코스수당!$K$2)+1,0)),DATE(YEAR(설정_코스수당!$K$2),MONTH(설정_코스수당!$K$2),5),"") -> 46178 | B9: =COUNTIFS(실시간콜입력!$B:$B,A9,실시간콜입력!$O:$O,"방문완료") -> 0 | C9: =IF(B9>=설정_코스수당!$A$71,설정_코스수당!$B$71,IF(B9>=설정_코스수당!$A$70,설정_코스수당!$B$70,IF(B9>=설정_코스수당!$A$69,설정_코스수당!$B$69,0))) -> 0 | D9: 정상 | E9: =IF(D9="정상",$C9,0) -> 0 | F9: 정상 | G9: =IF(F9="정상",$C9,0) -> 0 | H9: 정상 | I9: =IF(H9="정상",$C9,0) -> 0 | J9: 정상 | K9: =IF(J9="정상",$C9,0) -> 0 | L9: 정상 | M9: =IF(L9="정상",$C9,0) -> 0
A10: =IF(6<=DAY(DATE(YEAR(설정_코스수당!$K$2),MONTH(설정_코스수당!$K$2)+1,0)),DATE(YEAR(설정_코스수당!$K$2),MONTH(설정_코스수당!$K$2),6),"") -> 46179 | B10: =COUNTIFS(실시간콜입력!$B:$B,A10,실시간콜입력!$O:$O,"방문완료") -> 0 | C10: =IF(B10>=설정_코스수당!$A$71,설정_코스수당!$B$71,IF(B10>=설정_코스수당!$A$70,설정_코스수당!$B$70,IF(B10>=설정_코스수당!$A$69,설정_코스수당!$B$69,0))) -> 0 | D10: 정상 | E10: =IF(D10="정상",$C10,0) -> 0 | F10: 정상 | G10: =IF(F10="정상",$C10,0) -> 0 | H10: 정상 | I10: =IF(H10="정상",$C10,0) -> 0 | J10: 정상 | K10: =IF(J10="정상",$C10,0) -> 0 | L10: 정상 | M10: =IF(L10="정상",$C10,0) -> 0
A11: =IF(7<=DAY(DATE(YEAR(설정_코스수당!$K$2),MONTH(설정_코스수당!$K$2)+1,0)),DATE(YEAR(설정_코스수당!$K$2),MONTH(설정_코스수당!$K$2),7),"") -> 46180 | B11: =COUNTIFS(실시간콜입력!$B:$B,A11,실시간콜입력!$O:$O,"방문완료") -> 0 | C11: =IF(B11>=설정_코스수당!$A$71,설정_코스수당!$B$71,IF(B11>=설정_코스수당!$A$70,설정_코스수당!$B$70,IF(B11>=설정_코스수당!$A$69,설정_코스수당!$B$69,0))) -> 0 | D11: 정상 | E11: =IF(D11="정상",$C11,0) -> 0 | F11: 정상 | G11: =IF(F11="정상",$C11,0) -> 0 | H11: 정상 | I11: =IF(H11="정상",$C11,0) -> 0 | J11: 정상 | K11: =IF(J11="정상",$C11,0) -> 0 | L11: 정상 | M11: =IF(L11="정상",$C11,0) -> 0
A12: =IF(8<=DAY(DATE(YEAR(설정_코스수당!$K$2),MONTH(설정_코스수당!$K$2)+1,0)),DATE(YEAR(설정_코스수당!$K$2),MONTH(설정_코스수당!$K$2),8),"") -> 46181 | B12: =COUNTIFS(실시간콜입력!$B:$B,A12,실시간콜입력!$O:$O,"방문완료") -> 0 | C12: =IF(B12>=설정_코스수당!$A$71,설정_코스수당!$B$71,IF(B12>=설정_코스수당!$A$70,설정_코스수당!$B$70,IF(B12>=설정_코스수당!$A$69,설정_코스수당!$B$69,0))) -> 0 | D12: 정상 | E12: =IF(D12="정상",$C12,0) -> 0 | F12: 정상 | G12: =IF(F12="정상",$C12,0) -> 0 | H12: 정상 | I12: =IF(H12="정상",$C12,0) -> 0 | J12: 정상 | K12: =IF(J12="정상",$C12,0) -> 0 | L12: 정상 | M12: =IF(L12="정상",$C12,0) -> 0
A13: =IF(9<=DAY(DATE(YEAR(설정_코스수당!$K$2),MONTH(설정_코스수당!$K$2)+1,0)),DATE(YEAR(설정_코스수당!$K$2),MONTH(설정_코스수당!$K$2),9),"") -> 46182 | B13: =COUNTIFS(실시간콜입력!$B:$B,A13,실시간콜입력!$O:$O,"방문완료") -> 0 | C13: =IF(B13>=설정_코스수당!$A$71,설정_코스수당!$B$71,IF(B13>=설정_코스수당!$A$70,설정_코스수당!$B$70,IF(B13>=설정_코스수당!$A$69,설정_코스수당!$B$69,0))) -> 0 | D13: 정상 | E13: =IF(D13="정상",$C13,0) -> 0 | F13: 정상 | G13: =IF(F13="정상",$C13,0) -> 0 | H13: 정상 | I13: =IF(H13="정상",$C13,0) -> 0 | J13: 정상 | K13: =IF(J13="정상",$C13,0) -> 0 | L13: 정상 | M13: =IF(L13="정상",$C13,0) -> 0
A14: =IF(10<=DAY(DATE(YEAR(설정_코스수당!$K$2),MONTH(설정_코스수당!$K$2)+1,0)),DATE(YEAR(설정_코스수당!$K$2),MONTH(설정_코스수당!$K$2),10),"") -> 46183 | B14: =COUNTIFS(실시간콜입력!$B:$B,A14,실시간콜입력!$O:$O,"방문완료") -> 0 | C14: =IF(B14>=설정_코스수당!$A$71,설정_코스수당!$B$71,IF(B14>=설정_코스수당!$A$70,설정_코스수당!$B$70,IF(B14>=설정_코스수당!$A$69,설정_코스수당!$B$69,0))) -> 0 | D14: 정상 | E14: =IF(D14="정상",$C14,0) -> 0 | F14: 정상 | G14: =IF(F14="정상",$C14,0) -> 0 | H14: 정상 | I14: =IF(H14="정상",$C14,0) -> 0 | J14: 정상 | K14: =IF(J14="정상",$C14,0) -> 0 | L14: 정상 | M14: =IF(L14="정상",$C14,0) -> 0
A15: =IF(11<=DAY(DATE(YEAR(설정_코스수당!$K$2),MONTH(설정_코스수당!$K$2)+1,0)),DATE(YEAR(설정_코스수당!$K$2),MONTH(설정_코스수당!$K$2),11),"") -> 46184 | B15: =COUNTIFS(실시간콜입력!$B:$B,A15,실시간콜입력!$O:$O,"방문완료") -> 0 | C15: =IF(B15>=설정_코스수당!$A$71,설정_코스수당!$B$71,IF(B15>=설정_코스수당!$A$70,설정_코스수당!$B$70,IF(B15>=설정_코스수당!$A$69,설정_코스수당!$B$69,0))) -> 0 | D15: 정상 | E15: =IF(D15="정상",$C15,0) -> 0 | F15: 정상 | G15: =IF(F15="정상",$C15,0) -> 0 | H15: 정상 | I15: =IF(H15="정상",$C15,0) -> 0 | J15: 정상 | K15: =IF(J15="정상",$C15,0) -> 0 | L15: 정상 | M15: =IF(L15="정상",$C15,0) -> 0
A16: =IF(12<=DAY(DATE(YEAR(설정_코스수당!$K$2),MONTH(설정_코스수당!$K$2)+1,0)),DATE(YEAR(설정_코스수당!$K$2),MONTH(설정_코스수당!$K$2),12),"") -> 46185 | B16: =COUNTIFS(실시간콜입력!$B:$B,A16,실시간콜입력!$O:$O,"방문완료") -> 0 | C16: =IF(B16>=설정_코스수당!$A$71,설정_코스수당!$B$71,IF(B16>=설정_코스수당!$A$70,설정_코스수당!$B$70,IF(B16>=설정_코스수당!$A$69,설정_코스수당!$B$69,0))) -> 0 | D16: 정상 | E16: =IF(D16="정상",$C16,0) -> 0 | F16: 정상 | G16: =IF(F16="정상",$C16,0) -> 0 | H16: 정상 | I16: =IF(H16="정상",$C16,0) -> 0 | J16: 정상 | K16: =IF(J16="정상",$C16,0) -> 0 | L16: 정상 | M16: =IF(L16="정상",$C16,0) -> 0
A17: =IF(13<=DAY(DATE(YEAR(설정_코스수당!$K$2),MONTH(설정_코스수당!$K$2)+1,0)),DATE(YEAR(설정_코스수당!$K$2),MONTH(설정_코스수당!$K$2),13),"") -> 46186 | B17: =COUNTIFS(실시간콜입력!$B:$B,A17,실시간콜입력!$O:$O,"방문완료") -> 0 | C17: =IF(B17>=설정_코스수당!$A$71,설정_코스수당!$B$71,IF(B17>=설정_코스수당!$A$70,설정_코스수당!$B$70,IF(B17>=설정_코스수당!$A$69,설정_코스수당!$B$69,0))) -> 0 | D17: 정상 | E17: =IF(D17="정상",$C17,0) -> 0 | F17: 정상 | G17: =IF(F17="정상",$C17,0) -> 0 | H17: 정상 | I17: =IF(H17="정상",$C17,0) -> 0 | J17: 정상 | K17: =IF(J17="정상",$C17,0) -> 0 | L17: 정상 | M17: =IF(L17="정상",$C17,0) -> 0
A18: =IF(14<=DAY(DATE(YEAR(설정_코스수당!$K$2),MONTH(설정_코스수당!$K$2)+1,0)),DATE(YEAR(설정_코스수당!$K$2),MONTH(설정_코스수당!$K$2),14),"") -> 46187 | B18: =COUNTIFS(실시간콜입력!$B:$B,A18,실시간콜입력!$O:$O,"방문완료") -> 0 | C18: =IF(B18>=설정_코스수당!$A$71,설정_코스수당!$B$71,IF(B18>=설정_코스수당!$A$70,설정_코스수당!$B$70,IF(B18>=설정_코스수당!$A$69,설정_코스수당!$B$69,0))) -> 0 | D18: 정상 | E18: =IF(D18="정상",$C18,0) -> 0 | F18: 정상 | G18: =IF(F18="정상",$C18,0) -> 0 | H18: 정상 | I18: =IF(H18="정상",$C18,0) -> 0 | J18: 정상 | K18: =IF(J18="정상",$C18,0) -> 0 | L18: 정상 | M18: =IF(L18="정상",$C18,0) -> 0
A19: =IF(15<=DAY(DATE(YEAR(설정_코스수당!$K$2),MONTH(설정_코스수당!$K$2)+1,0)),DATE(YEAR(설정_코스수당!$K$2),MONTH(설정_코스수당!$K$2),15),"") -> 46188 | B19: =COUNTIFS(실시간콜입력!$B:$B,A19,실시간콜입력!$O:$O,"방문완료") -> 0 | C19: =IF(B19>=설정_코스수당!$A$71,설정_코스수당!$B$71,IF(B19>=설정_코스수당!$A$70,설정_코스수당!$B$70,IF(B19>=설정_코스수당!$A$69,설정_코스수당!$B$69,0))) -> 0 | D19: 정상 | E19: =IF(D19="정상",$C19,0) -> 0 | F19: 정상 | G19: =IF(F19="정상",$C19,0) -> 0 | H19: 정상 | I19: =IF(H19="정상",$C19,0) -> 0 | J19: 정상 | K19: =IF(J19="정상",$C19,0) -> 0 | L19: 정상 | M19: =IF(L19="정상",$C19,0) -> 0
A20: =IF(16<=DAY(DATE(YEAR(설정_코스수당!$K$2),MONTH(설정_코스수당!$K$2)+1,0)),DATE(YEAR(설정_코스수당!$K$2),MONTH(설정_코스수당!$K$2),16),"") -> 46189 | B20: =COUNTIFS(실시간콜입력!$B:$B,A20,실시간콜입력!$O:$O,"방문완료") -> 0 | C20: =IF(B20>=설정_코스수당!$A$71,설정_코스수당!$B$71,IF(B20>=설정_코스수당!$A$70,설정_코스수당!$B$70,IF(B20>=설정_코스수당!$A$69,설정_코스수당!$B$69,0))) -> 0 | D20: 정상 | E20: =IF(D20="정상",$C20,0) -> 0 | F20: 정상 | G20: =IF(F20="정상",$C20,0) -> 0 | H20: 정상 | I20: =IF(H20="정상",$C20,0) -> 0 | J20: 정상 | K20: =IF(J20="정상",$C20,0) -> 0 | L20: 정상 | M20: =IF(L20="정상",$C20,0) -> 0
A21: =IF(17<=DAY(DATE(YEAR(설정_코스수당!$K$2),MONTH(설정_코스수당!$K$2)+1,0)),DATE(YEAR(설정_코스수당!$K$2),MONTH(설정_코스수당!$K$2),17),"") -> 46190 | B21: =COUNTIFS(실시간콜입력!$B:$B,A21,실시간콜입력!$O:$O,"방문완료") -> 0 | C21: =IF(B21>=설정_코스수당!$A$71,설정_코스수당!$B$71,IF(B21>=설정_코스수당!$A$70,설정_코스수당!$B$70,IF(B21>=설정_코스수당!$A$69,설정_코스수당!$B$69,0))) -> 0 | D21: 정상 | E21: =IF(D21="정상",$C21,0) -> 0 | F21: 정상 | G21: =IF(F21="정상",$C21,0) -> 0 | H21: 정상 | I21: =IF(H21="정상",$C21,0) -> 0 | J21: 정상 | K21: =IF(J21="정상",$C21,0) -> 0 | L21: 정상 | M21: =IF(L21="정상",$C21,0) -> 0
A22: =IF(18<=DAY(DATE(YEAR(설정_코스수당!$K$2),MONTH(설정_코스수당!$K$2)+1,0)),DATE(YEAR(설정_코스수당!$K$2),MONTH(설정_코스수당!$K$2),18),"") -> 46191 | B22: =COUNTIFS(실시간콜입력!$B:$B,A22,실시간콜입력!$O:$O,"방문완료") -> 0 | C22: =IF(B22>=설정_코스수당!$A$71,설정_코스수당!$B$71,IF(B22>=설정_코스수당!$A$70,설정_코스수당!$B$70,IF(B22>=설정_코스수당!$A$69,설정_코스수당!$B$69,0))) -> 0 | D22: 정상 | E22: =IF(D22="정상",$C22,0) -> 0 | F22: 정상 | G22: =IF(F22="정상",$C22,0) -> 0 | H22: 정상 | I22: =IF(H22="정상",$C22,0) -> 0 | J22: 정상 | K22: =IF(J22="정상",$C22,0) -> 0 | L22: 정상 | M22: =IF(L22="정상",$C22,0) -> 0
A23: =IF(19<=DAY(DATE(YEAR(설정_코스수당!$K$2),MONTH(설정_코스수당!$K$2)+1,0)),DATE(YEAR(설정_코스수당!$K$2),MONTH(설정_코스수당!$K$2),19),"") -> 46192 | B23: =COUNTIFS(실시간콜입력!$B:$B,A23,실시간콜입력!$O:$O,"방문완료") -> 0 | C23: =IF(B23>=설정_코스수당!$A$71,설정_코스수당!$B$71,IF(B23>=설정_코스수당!$A$70,설정_코스수당!$B$70,IF(B23>=설정_코스수당!$A$69,설정_코스수당!$B$69,0))) -> 0 | D23: 정상 | E23: =IF(D23="정상",$C23,0) -> 0 | F23: 정상 | G23: =IF(F23="정상",$C23,0) -> 0 | H23: 정상 | I23: =IF(H23="정상",$C23,0) -> 0 | J23: 정상 | K23: =IF(J23="정상",$C23,0) -> 0 | L23: 정상 | M23: =IF(L23="정상",$C23,0) -> 0
A24: =IF(20<=DAY(DATE(YEAR(설정_코스수당!$K$2),MONTH(설정_코스수당!$K$2)+1,0)),DATE(YEAR(설정_코스수당!$K$2),MONTH(설정_코스수당!$K$2),20),"") -> 46193 | B24: =COUNTIFS(실시간콜입력!$B:$B,A24,실시간콜입력!$O:$O,"방문완료") -> 0 | C24: =IF(B24>=설정_코스수당!$A$71,설정_코스수당!$B$71,IF(B24>=설정_코스수당!$A$70,설정_코스수당!$B$70,IF(B24>=설정_코스수당!$A$69,설정_코스수당!$B$69,0))) -> 0 | D24: 정상 | E24: =IF(D24="정상",$C24,0) -> 0 | F24: 정상 | G24: =IF(F24="정상",$C24,0) -> 0 | H24: 정상 | I24: =IF(H24="정상",$C24,0) -> 0 | J24: 정상 | K24: =IF(J24="정상",$C24,0) -> 0 | L24: 정상 | M24: =IF(L24="정상",$C24,0) -> 0
A25: =IF(21<=DAY(DATE(YEAR(설정_코스수당!$K$2),MONTH(설정_코스수당!$K$2)+1,0)),DATE(YEAR(설정_코스수당!$K$2),MONTH(설정_코스수당!$K$2),21),"") -> 46194 | B25: =COUNTIFS(실시간콜입력!$B:$B,A25,실시간콜입력!$O:$O,"방문완료") -> 0 | C25: =IF(B25>=설정_코스수당!$A$71,설정_코스수당!$B$71,IF(B25>=설정_코스수당!$A$70,설정_코스수당!$B$70,IF(B25>=설정_코스수당!$A$69,설정_코스수당!$B$69,0))) -> 0 | D25: 정상 | E25: =IF(D25="정상",$C25,0) -> 0 | F25: 정상 | G25: =IF(F25="정상",$C25,0) -> 0 | H25: 정상 | I25: =IF(H25="정상",$C25,0) -> 0 | J25: 정상 | K25: =IF(J25="정상",$C25,0) -> 0 | L25: 정상 | M25: =IF(L25="정상",$C25,0) -> 0
A26: =IF(22<=DAY(DATE(YEAR(설정_코스수당!$K$2),MONTH(설정_코스수당!$K$2)+1,0)),DATE(YEAR(설정_코스수당!$K$2),MONTH(설정_코스수당!$K$2),22),"") -> 46195 | B26: =COUNTIFS(실시간콜입력!$B:$B,A26,실시간콜입력!$O:$O,"방문완료") -> 0 | C26: =IF(B26>=설정_코스수당!$A$71,설정_코스수당!$B$71,IF(B26>=설정_코스수당!$A$70,설정_코스수당!$B$70,IF(B26>=설정_코스수당!$A$69,설정_코스수당!$B$69,0))) -> 0 | D26: 정상 | E26: =IF(D26="정상",$C26,0) -> 0 | F26: 정상 | G26: =IF(F26="정상",$C26,0) -> 0 | H26: 정상 | I26: =IF(H26="정상",$C26,0) -> 0 | J26: 정상 | K26: =IF(J26="정상",$C26,0) -> 0 | L26: 정상 | M26: =IF(L26="정상",$C26,0) -> 0
A27: =IF(23<=DAY(DATE(YEAR(설정_코스수당!$K$2),MONTH(설정_코스수당!$K$2)+1,0)),DATE(YEAR(설정_코스수당!$K$2),MONTH(설정_코스수당!$K$2),23),"") -> 46196 | B27: =COUNTIFS(실시간콜입력!$B:$B,A27,실시간콜입력!$O:$O,"방문완료") -> 0 | C27: =IF(B27>=설정_코스수당!$A$71,설정_코스수당!$B$71,IF(B27>=설정_코스수당!$A$70,설정_코스수당!$B$70,IF(B27>=설정_코스수당!$A$69,설정_코스수당!$B$69,0))) -> 0 | D27: 정상 | E27: =IF(D27="정상",$C27,0) -> 0 | F27: 정상 | G27: =IF(F27="정상",$C27,0) -> 0 | H27: 정상 | I27: =IF(H27="정상",$C27,0) -> 0 | J27: 정상 | K27: =IF(J27="정상",$C27,0) -> 0 | L27: 정상 | M27: =IF(L27="정상",$C27,0) -> 0
A28: =IF(24<=DAY(DATE(YEAR(설정_코스수당!$K$2),MONTH(설정_코스수당!$K$2)+1,0)),DATE(YEAR(설정_코스수당!$K$2),MONTH(설정_코스수당!$K$2),24),"") -> 46197 | B28: =COUNTIFS(실시간콜입력!$B:$B,A28,실시간콜입력!$O:$O,"방문완료") -> 0 | C28: =IF(B28>=설정_코스수당!$A$71,설정_코스수당!$B$71,IF(B28>=설정_코스수당!$A$70,설정_코스수당!$B$70,IF(B28>=설정_코스수당!$A$69,설정_코스수당!$B$69,0))) -> 0 | D28: 정상 | E28: =IF(D28="정상",$C28,0) -> 0 | F28: 정상 | G28: =IF(F28="정상",$C28,0) -> 0 | H28: 정상 | I28: =IF(H28="정상",$C28,0) -> 0 | J28: 정상 | K28: =IF(J28="정상",$C28,0) -> 0 | L28: 정상 | M28: =IF(L28="정상",$C28,0) -> 0
A29: =IF(25<=DAY(DATE(YEAR(설정_코스수당!$K$2),MONTH(설정_코스수당!$K$2)+1,0)),DATE(YEAR(설정_코스수당!$K$2),MONTH(설정_코스수당!$K$2),25),"") -> 46198 | B29: =COUNTIFS(실시간콜입력!$B:$B,A29,실시간콜입력!$O:$O,"방문완료") -> 0 | C29: =IF(B29>=설정_코스수당!$A$71,설정_코스수당!$B$71,IF(B29>=설정_코스수당!$A$70,설정_코스수당!$B$70,IF(B29>=설정_코스수당!$A$69,설정_코스수당!$B$69,0))) -> 0 | D29: 정상 | E29: =IF(D29="정상",$C29,0) -> 0 | F29: 정상 | G29: =IF(F29="정상",$C29,0) -> 0 | H29: 정상 | I29: =IF(H29="정상",$C29,0) -> 0 | J29: 정상 | K29: =IF(J29="정상",$C29,0) -> 0 | L29: 정상 | M29: =IF(L29="정상",$C29,0) -> 0
A30: =IF(26<=DAY(DATE(YEAR(설정_코스수당!$K$2),MONTH(설정_코스수당!$K$2)+1,0)),DATE(YEAR(설정_코스수당!$K$2),MONTH(설정_코스수당!$K$2),26),"") -> 46199 | B30: =COUNTIFS(실시간콜입력!$B:$B,A30,실시간콜입력!$O:$O,"방문완료") -> 0 | C30: =IF(B30>=설정_코스수당!$A$71,설정_코스수당!$B$71,IF(B30>=설정_코스수당!$A$70,설정_코스수당!$B$70,IF(B30>=설정_코스수당!$A$69,설정_코스수당!$B$69,0))) -> 0 | D30: 정상 | E30: =IF(D30="정상",$C30,0) -> 0 | F30: 정상 | G30: =IF(F30="정상",$C30,0) -> 0 | H30: 정상 | I30: =IF(H30="정상",$C30,0) -> 0 | J30: 정상 | K30: =IF(J30="정상",$C30,0) -> 0 | L30: 정상 | M30: =IF(L30="정상",$C30,0) -> 0
A31: =IF(27<=DAY(DATE(YEAR(설정_코스수당!$K$2),MONTH(설정_코스수당!$K$2)+1,0)),DATE(YEAR(설정_코스수당!$K$2),MONTH(설정_코스수당!$K$2),27),"") -> 46200 | B31: =COUNTIFS(실시간콜입력!$B:$B,A31,실시간콜입력!$O:$O,"방문완료") -> 0 | C31: =IF(B31>=설정_코스수당!$A$71,설정_코스수당!$B$71,IF(B31>=설정_코스수당!$A$70,설정_코스수당!$B$70,IF(B31>=설정_코스수당!$A$69,설정_코스수당!$B$69,0))) -> 0 | D31: 정상 | E31: =IF(D31="정상",$C31,0) -> 0 | F31: 정상 | G31: =IF(F31="정상",$C31,0) -> 0 | H31: 정상 | I31: =IF(H31="정상",$C31,0) -> 0 | J31: 정상 | K31: =IF(J31="정상",$C31,0) -> 0 | L31: 정상 | M31: =IF(L31="정상",$C31,0) -> 0
A32: =IF(28<=DAY(DATE(YEAR(설정_코스수당!$K$2),MONTH(설정_코스수당!$K$2)+1,0)),DATE(YEAR(설정_코스수당!$K$2),MONTH(설정_코스수당!$K$2),28),"") -> 46201 | B32: =COUNTIFS(실시간콜입력!$B:$B,A32,실시간콜입력!$O:$O,"방문완료") -> 0 | C32: =IF(B32>=설정_코스수당!$A$71,설정_코스수당!$B$71,IF(B32>=설정_코스수당!$A$70,설정_코스수당!$B$70,IF(B32>=설정_코스수당!$A$69,설정_코스수당!$B$69,0))) -> 0 | D32: 정상 | E32: =IF(D32="정상",$C32,0) -> 0 | F32: 정상 | G32: =IF(F32="정상",$C32,0) -> 0 | H32: 정상 | I32: =IF(H32="정상",$C32,0) -> 0 | J32: 정상 | K32: =IF(J32="정상",$C32,0) -> 0 | L32: 정상 | M32: =IF(L32="정상",$C32,0) -> 0
A33: =IF(29<=DAY(DATE(YEAR(설정_코스수당!$K$2),MONTH(설정_코스수당!$K$2)+1,0)),DATE(YEAR(설정_코스수당!$K$2),MONTH(설정_코스수당!$K$2),29),"") -> 46202 | B33: =COUNTIFS(실시간콜입력!$B:$B,A33,실시간콜입력!$O:$O,"방문완료") -> 0 | C33: =IF(B33>=설정_코스수당!$A$71,설정_코스수당!$B$71,IF(B33>=설정_코스수당!$A$70,설정_코스수당!$B$70,IF(B33>=설정_코스수당!$A$69,설정_코스수당!$B$69,0))) -> 0 | D33: 정상 | E33: =IF(D33="정상",$C33,0) -> 0 | F33: 정상 | G33: =IF(F33="정상",$C33,0) -> 0 | H33: 정상 | I33: =IF(H33="정상",$C33,0) -> 0 | J33: 정상 | K33: =IF(J33="정상",$C33,0) -> 0 | L33: 정상 | M33: =IF(L33="정상",$C33,0) -> 0
A34: =IF(30<=DAY(DATE(YEAR(설정_코스수당!$K$2),MONTH(설정_코스수당!$K$2)+1,0)),DATE(YEAR(설정_코스수당!$K$2),MONTH(설정_코스수당!$K$2),30),"") -> 46203 | B34: =COUNTIFS(실시간콜입력!$B:$B,A34,실시간콜입력!$O:$O,"방문완료") -> 0 | C34: =IF(B34>=설정_코스수당!$A$71,설정_코스수당!$B$71,IF(B34>=설정_코스수당!$A$70,설정_코스수당!$B$70,IF(B34>=설정_코스수당!$A$69,설정_코스수당!$B$69,0))) -> 0 | D34: 정상 | E34: =IF(D34="정상",$C34,0) -> 0 | F34: 정상 | G34: =IF(F34="정상",$C34,0) -> 0 | H34: 정상 | I34: =IF(H34="정상",$C34,0) -> 0 | J34: 정상 | K34: =IF(J34="정상",$C34,0) -> 0 | L34: 정상 | M34: =IF(L34="정상",$C34,0) -> 0
A35: =IF(31<=DAY(DATE(YEAR(설정_코스수당!$K$2),MONTH(설정_코스수당!$K$2)+1,0)),DATE(YEAR(설정_코스수당!$K$2),MONTH(설정_코스수당!$K$2),31),"") | B35: =COUNTIFS(실시간콜입력!$B:$B,A35,실시간콜입력!$O:$O,"방문완료") -> 0 | C35: =IF(B35>=설정_코스수당!$A$71,설정_코스수당!$B$71,IF(B35>=설정_코스수당!$A$70,설정_코스수당!$B$70,IF(B35>=설정_코스수당!$A$69,설정_코스수당!$B$69,0))) -> 0 | D35: 정상 | E35: =IF(D35="정상",$C35,0) -> 0 | F35: 정상 | G35: =IF(F35="정상",$C35,0) -> 0 | H35: 정상 | I35: =IF(H35="정상",$C35,0) -> 0 | J35: 정상 | K35: =IF(J35="정상",$C35,0) -> 0 | L35: 정상 | M35: =IF(L35="정상",$C35,0) -> 0
A39: 월 인센 자동 계산
A40: 월 총콜 | B40: =SUM(B5:B35) -> 0
A41: 월인센 전체 | B41: =IF(B40>=설정_코스수당!$A$81,설정_코스수당!$B$81,IF(B40>=설정_코스수당!$A$80,설정_코스수당!$B$80,IF(B40>=설정_코스수당!$A$79,설정_코스수당!$B$79,IF(B40>=설정_코스수당!$A$78,설정_코스수당!$B$78,IF(B40>=설정_코스수당!$A$77,설정_코스수당!$B$77,IF(B40>=설정_코스수당!$A$76,설정_코스수당!$B$76,0)))))) -> 0
A42: 팀장 월인센 | B42: =B41*설정_코스수당!$C$76 -> 0
A43: 카운터팀 월인센 | B43: =B41*설정_코스수당!$D$76 -> 0
A44: 웨이터팀 월인센 | B44: =B41*설정_코스수당!$E$76 -> 0
A45: 카운터 1인 기준 | B45: =B43/2 -> 0
A46: 웨이터 1인 기준 | B46: =B44/2 -> 0

Sheet 귀케어일정산
A1: 귀케어 일일정산
A2: B코스 방문완료 콜 기준 귀케어 풀을 날짜별 정상근무자 수로 N분의1 계산합니다.
A4: =IF(1<=DAY(DATE(YEAR(설정_코스수당!$K$2),MONTH(설정_코스수당!$K$2)+1,0)),TEXT(DATE(YEAR(설정_코스수당!$K$2),MONTH(설정_코스수당!$K$2),1),"yyyy-mm-dd")&" 귀케어 정산","") -> 2026-06-01 귀케어 정산
A5: 날짜 | B5: 귀케어사 | C5: 근무상태 | D5: 당일 B콜 | E5: 당일 귀케어풀 | F5: 정상근무자수 | G5: 1인 지급액 | H5: 메모
A6: =IF(1<=DAY(DATE(YEAR(설정_코스수당!$K$2),MONTH(설정_코스수당!$K$2)+1,0)),DATE(YEAR(설정_코스수당!$K$2),MONTH(설정_코스수당!$K$2),1),"") -> 46174 | B6: 귀케어1 | C6: 정상 | D6: =COUNTIFS(실시간콜입력!$B:$B,A6,실시간콜입력!$E:$E,"B",실시간콜입력!$O:$O,"방문완료") -> 0 | E6: =SUMIFS(실시간콜입력!$M:$M,실시간콜입력!$B:$B,A6,실시간콜입력!$O:$O,"방문완료") -> 0 | F6: =COUNTIFS($A:$A,A6,$C:$C,"정상") -> 4 | G6: =IF(C6="정상",IF(F6>0,E6/F6,0),0) -> 0
A7: =IF(1<=DAY(DATE(YEAR(설정_코스수당!$K$2),MONTH(설정_코스수당!$K$2)+1,0)),DATE(YEAR(설정_코스수당!$K$2),MONTH(설정_코스수당!$K$2),1),"") -> 46174 | B7: 귀케어2 | C7: 정상 | D7: =COUNTIFS(실시간콜입력!$B:$B,A7,실시간콜입력!$E:$E,"B",실시간콜입력!$O:$O,"방문완료") -> 0 | E7: =SUMIFS(실시간콜입력!$M:$M,실시간콜입력!$B:$B,A7,실시간콜입력!$O:$O,"방문완료") -> 0 | F7: =COUNTIFS($A:$A,A7,$C:$C,"정상") -> 4 | G7: =IF(C7="정상",IF(F7>0,E7/F7,0),0) -> 0
A8: =IF(1<=DAY(DATE(YEAR(설정_코스수당!$K$2),MONTH(설정_코스수당!$K$2)+1,0)),DATE(YEAR(설정_코스수당!$K$2),MONTH(설정_코스수당!$K$2),1),"") -> 46174 | B8: 귀케어3 | C8: 정상 | D8: =COUNTIFS(실시간콜입력!$B:$B,A8,실시간콜입력!$E:$E,"B",실시간콜입력!$O:$O,"방문완료") -> 0 | E8: =SUMIFS(실시간콜입력!$M:$M,실시간콜입력!$B:$B,A8,실시간콜입력!$O:$O,"방문완료") -> 0 | F8: =COUNTIFS($A:$A,A8,$C:$C,"정상") -> 4 | G8: =IF(C8="정상",IF(F8>0,E8/F8,0),0) -> 0
A9: =IF(1<=DAY(DATE(YEAR(설정_코스수당!$K$2),MONTH(설정_코스수당!$K$2)+1,0)),DATE(YEAR(설정_코스수당!$K$2),MONTH(설정_코스수당!$K$2),1),"") -> 46174 | B9: 귀케어4 | C9: 정상 | D9: =COUNTIFS(실시간콜입력!$B:$B,A9,실시간콜입력!$E:$E,"B",실시간콜입력!$O:$O,"방문완료") -> 0 | E9: =SUMIFS(실시간콜입력!$M:$M,실시간콜입력!$B:$B,A9,실시간콜입력!$O:$O,"방문완료") -> 0 | F9: =COUNTIFS($A:$A,A9,$C:$C,"정상") -> 4 | G9: =IF(C9="정상",IF(F9>0,E9/F9,0),0) -> 0
A11: =IF(2<=DAY(DATE(YEAR(설정_코스수당!$K$2),MONTH(설정_코스수당!$K$2)+1,0)),TEXT(DATE(YEAR(설정_코스수당!$K$2),MONTH(설정_코스수당!$K$2),2),"yyyy-mm-dd")&" 귀케어 정산","") -> 2026-06-02 귀케어 정산
A12: 날짜 | B12: 귀케어사 | C12: 근무상태 | D12: 당일 B콜 | E12: 당일 귀케어풀 | F12: 정상근무자수 | G12: 1인 지급액 | H12: 메모
A13: =IF(2<=DAY(DATE(YEAR(설정_코스수당!$K$2),MONTH(설정_코스수당!$K$2)+1,0)),DATE(YEAR(설정_코스수당!$K$2),MONTH(설정_코스수당!$K$2),2),"") -> 46175 | B13: 귀케어1 | C13: 정상 | D13: =COUNTIFS(실시간콜입력!$B:$B,A13,실시간콜입력!$E:$E,"B",실시간콜입력!$O:$O,"방문완료") -> 0 | E13: =SUMIFS(실시간콜입력!$M:$M,실시간콜입력!$B:$B,A13,실시간콜입력!$O:$O,"방문완료") -> 0 | F13: =COUNTIFS($A:$A,A13,$C:$C,"정상") -> 4 | G13: =IF(C13="정상",IF(F13>0,E13/F13,0),0) -> 0
A14: =IF(2<=DAY(DATE(YEAR(설정_코스수당!$K$2),MONTH(설정_코스수당!$K$2)+1,0)),DATE(YEAR(설정_코스수당!$K$2),MONTH(설정_코스수당!$K$2),2),"") -> 46175 | B14: 귀케어2 | C14: 정상 | D14: =COUNTIFS(실시간콜입력!$B:$B,A14,실시간콜입력!$E:$E,"B",실시간콜입력!$O:$O,"방문완료") -> 0 | E14: =SUMIFS(실시간콜입력!$M:$M,실시간콜입력!$B:$B,A14,실시간콜입력!$O:$O,"방문완료") -> 0 | F14: =COUNTIFS($A:$A,A14,$C:$C,"정상") -> 4 | G14: =IF(C14="정상",IF(F14>0,E14/F14,0),0) -> 0
A15: =IF(2<=DAY(DATE(YEAR(설정_코스수당!$K$2),MONTH(설정_코스수당!$K$2)+1,0)),DATE(YEAR(설정_코스수당!$K$2),MONTH(설정_코스수당!$K$2),2),"") -> 46175 | B15: 귀케어3 | C15: 정상 | D15: =COUNTIFS(실시간콜입력!$B:$B,A15,실시간콜입력!$E:$E,"B",실시간콜입력!$O:$O,"방문완료") -> 0 | E15: =SUMIFS(실시간콜입력!$M:$M,실시간콜입력!$B:$B,A15,실시간콜입력!$O:$O,"방문완료") -> 0 | F15: =COUNTIFS($A:$A,A15,$C:$C,"정상") -> 4 | G15: =IF(C15="정상",IF(F15>0,E15/F15,0),0) -> 0
A16: =IF(2<=DAY(DATE(YEAR(설정_코스수당!$K$2),MONTH(설정_코스수당!$K$2)+1,0)),DATE(YEAR(설정_코스수당!$K$2),MONTH(설정_코스수당!$K$2),2),"") -> 46175 | B16: 귀케어4 | C16: 정상 | D16: =COUNTIFS(실시간콜입력!$B:$B,A16,실시간콜입력!$E:$E,"B",실시간콜입력!$O:$O,"방문완료") -> 0 | E16: =SUMIFS(실시간콜입력!$M:$M,실시간콜입력!$B:$B,A16,실시간콜입력!$O:$O,"방문완료") -> 0 | F16: =COUNTIFS($A:$A,A16,$C:$C,"정상") -> 4 | G16: =IF(C16="정상",IF(F16>0,E16/F16,0),0) -> 0
A18: =IF(3<=DAY(DATE(YEAR(설정_코스수당!$K$2),MONTH(설정_코스수당!$K$2)+1,0)),TEXT(DATE(YEAR(설정_코스수당!$K$2),MONTH(설정_코스수당!$K$2),3),"yyyy-mm-dd")&" 귀케어 정산","") -> 2026-06-03 귀케어 정산
A19: 날짜 | B19: 귀케어사 | C19: 근무상태 | D19: 당일 B콜 | E19: 당일 귀케어풀 | F19: 정상근무자수 | G19: 1인 지급액 | H19: 메모
A20: =IF(3<=DAY(DATE(YEAR(설정_코스수당!$K$2),MONTH(설정_코스수당!$K$2)+1,0)),DATE(YEAR(설정_코스수당!$K$2),MONTH(설정_코스수당!$K$2),3),"") -> 46176 | B20: 귀케어1 | C20: 정상 | D20: =COUNTIFS(실시간콜입력!$B:$B,A20,실시간콜입력!$E:$E,"B",실시간콜입력!$O:$O,"방문완료") -> 0 | E20: =SUMIFS(실시간콜입력!$M:$M,실시간콜입력!$B:$B,A20,실시간콜입력!$O:$O,"방문완료") -> 0 | F20: =COUNTIFS($A:$A,A20,$C:$C,"정상") -> 4 | G20: =IF(C20="정상",IF(F20>0,E20/F20,0),0) -> 0
A21: =IF(3<=DAY(DATE(YEAR(설정_코스수당!$K$2),MONTH(설정_코스수당!$K$2)+1,0)),DATE(YEAR(설정_코스수당!$K$2),MONTH(설정_코스수당!$K$2),3),"") -> 46176 | B21: 귀케어2 | C21: 정상 | D21: =COUNTIFS(실시간콜입력!$B:$B,A21,실시간콜입력!$E:$E,"B",실시간콜입력!$O:$O,"방문완료") -> 0 | E21: =SUMIFS(실시간콜입력!$M:$M,실시간콜입력!$B:$B,A21,실시간콜입력!$O:$O,"방문완료") -> 0 | F21: =COUNTIFS($A:$A,A21,$C:$C,"정상") -> 4 | G21: =IF(C21="정상",IF(F21>0,E21/F21,0),0) -> 0
A22: =IF(3<=DAY(DATE(YEAR(설정_코스수당!$K$2),MONTH(설정_코스수당!$K$2)+1,0)),DATE(YEAR(설정_코스수당!$K$2),MONTH(설정_코스수당!$K$2),3),"") -> 46176 | B22: 귀케어3 | C22: 정상 | D22: =COUNTIFS(실시간콜입력!$B:$B,A22,실시간콜입력!$E:$E,"B",실시간콜입력!$O:$O,"방문완료") -> 0 | E22: =SUMIFS(실시간콜입력!$M:$M,실시간콜입력!$B:$B,A22,실시간콜입력!$O:$O,"방문완료") -> 0 | F22: =COUNTIFS($A:$A,A22,$C:$C,"정상") -> 4 | G22: =IF(C22="정상",IF(F22>0,E22/F22,0),0) -> 0
A23: =IF(3<=DAY(DATE(YEAR(설정_코스수당!$K$2),MONTH(설정_코스수당!$K$2)+1,0)),DATE(YEAR(설정_코스수당!$K$2),MONTH(설정_코스수당!$K$2),3),"") -> 46176 | B23: 귀케어4 | C23: 정상 | D23: =COUNTIFS(실시간콜입력!$B:$B,A23,실시간콜입력!$E:$E,"B",실시간콜입력!$O:$O,"방문완료") -> 0 | E23: =SUMIFS(실시간콜입력!$M:$M,실시간콜입력!$B:$B,A23,실시간콜입력!$O:$O,"방문완료") -> 0 | F23: =COUNTIFS($A:$A,A23,$C:$C,"정상") -> 4 | G23: =IF(C23="정상",IF(F23>0,E23/F23,0),0) -> 0
A25: =IF(4<=DAY(DATE(YEAR(설정_코스수당!$K$2),MONTH(설정_코스수당!$K$2)+1,0)),TEXT(DATE(YEAR(설정_코스수당!$K$2),MONTH(설정_코스수당!$K$2),4),"yyyy-mm-dd")&" 귀케어 정산","") -> 2026-06-04 귀케어 정산
A26: 날짜 | B26: 귀케어사 | C26: 근무상태 | D26: 당일 B콜 | E26: 당일 귀케어풀 | F26: 정상근무자수 | G26: 1인 지급액 | H26: 메모
A27: =IF(4<=DAY(DATE(YEAR(설정_코스수당!$K$2),MONTH(설정_코스수당!$K$2)+1,0)),DATE(YEAR(설정_코스수당!$K$2),MONTH(설정_코스수당!$K$2),4),"") -> 46177 | B27: 귀케어1 | C27: 정상 | D27: =COUNTIFS(실시간콜입력!$B:$B,A27,실시간콜입력!$E:$E,"B",실시간콜입력!$O:$O,"방문완료") -> 0 | E27: =SUMIFS(실시간콜입력!$M:$M,실시간콜입력!$B:$B,A27,실시간콜입력!$O:$O,"방문완료") -> 0 | F27: =COUNTIFS($A:$A,A27,$C:$C,"정상") -> 4 | G27: =IF(C27="정상",IF(F27>0,E27/F27,0),0) -> 0
A28: =IF(4<=DAY(DATE(YEAR(설정_코스수당!$K$2),MONTH(설정_코스수당!$K$2)+1,0)),DATE(YEAR(설정_코스수당!$K$2),MONTH(설정_코스수당!$K$2),4),"") -> 46177 | B28: 귀케어2 | C28: 정상 | D28: =COUNTIFS(실시간콜입력!$B:$B,A28,실시간콜입력!$E:$E,"B",실시간콜입력!$O:$O,"방문완료") -> 0 | E28: =SUMIFS(실시간콜입력!$M:$M,실시간콜입력!$B:$B,A28,실시간콜입력!$O:$O,"방문완료") -> 0 | F28: =COUNTIFS($A:$A,A28,$C:$C,"정상") -> 4 | G28: =IF(C28="정상",IF(F28>0,E28/F28,0),0) -> 0
A29: =IF(4<=DAY(DATE(YEAR(설정_코스수당!$K$2),MONTH(설정_코스수당!$K$2)+1,0)),DATE(YEAR(설정_코스수당!$K$2),MONTH(설정_코스수당!$K$2),4),"") -> 46177 | B29: 귀케어3 | C29: 정상 | D29: =COUNTIFS(실시간콜입력!$B:$B,A29,실시간콜입력!$E:$E,"B",실시간콜입력!$O:$O,"방문완료") -> 0 | E29: =SUMIFS(실시간콜입력!$M:$M,실시간콜입력!$B:$B,A29,실시간콜입력!$O:$O,"방문완료") -> 0 | F29: =COUNTIFS($A:$A,A29,$C:$C,"정상") -> 4 | G29: =IF(C29="정상",IF(F29>0,E29/F29,0),0) -> 0
A30: =IF(4<=DAY(DATE(YEAR(설정_코스수당!$K$2),MONTH(설정_코스수당!$K$2)+1,0)),DATE(YEAR(설정_코스수당!$K$2),MONTH(설정_코스수당!$K$2),4),"") -> 46177 | B30: 귀케어4 | C30: 정상 | D30: =COUNTIFS(실시간콜입력!$B:$B,A30,실시간콜입력!$E:$E,"B",실시간콜입력!$O:$O,"방문완료") -> 0 | E30: =SUMIFS(실시간콜입력!$M:$M,실시간콜입력!$B:$B,A30,실시간콜입력!$O:$O,"방문완료") -> 0 | F30: =COUNTIFS($A:$A,A30,$C:$C,"정상") -> 4 | G30: =IF(C30="정상",IF(F30>0,E30/F30,0),0) -> 0
A32: =IF(5<=DAY(DATE(YEAR(설정_코스수당!$K$2),MONTH(설정_코스수당!$K$2)+1,0)),TEXT(DATE(YEAR(설정_코스수당!$K$2),MONTH(설정_코스수당!$K$2),5),"yyyy-mm-dd")&" 귀케어 정산","") -> 2026-06-05 귀케어 정산
A33: 날짜 | B33: 귀케어사 | C33: 근무상태 | D33: 당일 B콜 | E33: 당일 귀케어풀 | F33: 정상근무자수 | G33: 1인 지급액 | H33: 메모
A34: =IF(5<=DAY(DATE(YEAR(설정_코스수당!$K$2),MONTH(설정_코스수당!$K$2)+1,0)),DATE(YEAR(설정_코스수당!$K$2),MONTH(설정_코스수당!$K$2),5),"") -> 46178 | B34: 귀케어1 | C34: 정상 | D34: =COUNTIFS(실시간콜입력!$B:$B,A34,실시간콜입력!$E:$E,"B",실시간콜입력!$O:$O,"방문완료") -> 0 | E34: =SUMIFS(실시간콜입력!$M:$M,실시간콜입력!$B:$B,A34,실시간콜입력!$O:$O,"방문완료") -> 0 | F34: =COUNTIFS($A:$A,A34,$C:$C,"정상") -> 4 | G34: =IF(C34="정상",IF(F34>0,E34/F34,0),0) -> 0
A35: =IF(5<=DAY(DATE(YEAR(설정_코스수당!$K$2),MONTH(설정_코스수당!$K$2)+1,0)),DATE(YEAR(설정_코스수당!$K$2),MONTH(설정_코스수당!$K$2),5),"") -> 46178 | B35: 귀케어2 | C35: 정상 | D35: =COUNTIFS(실시간콜입력!$B:$B,A35,실시간콜입력!$E:$E,"B",실시간콜입력!$O:$O,"방문완료") -> 0 | E35: =SUMIFS(실시간콜입력!$M:$M,실시간콜입력!$B:$B,A35,실시간콜입력!$O:$O,"방문완료") -> 0 | F35: =COUNTIFS($A:$A,A35,$C:$C,"정상") -> 4 | G35: =IF(C35="정상",IF(F35>0,E35/F35,0),0) -> 0
A36: =IF(5<=DAY(DATE(YEAR(설정_코스수당!$K$2),MONTH(설정_코스수당!$K$2)+1,0)),DATE(YEAR(설정_코스수당!$K$2),MONTH(설정_코스수당!$K$2),5),"") -> 46178 | B36: 귀케어3 | C36: 정상 | D36: =COUNTIFS(실시간콜입력!$B:$B,A36,실시간콜입력!$E:$E,"B",실시간콜입력!$O:$O,"방문완료") -> 0 | E36: =SUMIFS(실시간콜입력!$M:$M,실시간콜입력!$B:$B,A36,실시간콜입력!$O:$O,"방문완료") -> 0 | F36: =COUNTIFS($A:$A,A36,$C:$C,"정상") -> 4 | G36: =IF(C36="정상",IF(F36>0,E36/F36,0),0) -> 0
A37: =IF(5<=DAY(DATE(YEAR(설정_코스수당!$K$2),MONTH(설정_코스수당!$K$2)+1,0)),DATE(YEAR(설정_코스수당!$K$2),MONTH(설정_코스수당!$K$2),5),"") -> 46178 | B37: 귀케어4 | C37: 정상 | D37: =COUNTIFS(실시간콜입력!$B:$B,A37,실시간콜입력!$E:$E,"B",실시간콜입력!$O:$O,"방문완료") -> 0 | E37: =SUMIFS(실시간콜입력!$M:$M,실시간콜입력!$B:$B,A37,실시간콜입력!$O:$O,"방문완료") -> 0 | F37: =COUNTIFS($A:$A,A37,$C:$C,"정상") -> 4 | G37: =IF(C37="정상",IF(F37>0,E37/F37,0),0) -> 0
A39: =IF(6<=DAY(DATE(YEAR(설정_코스수당!$K$2),MONTH(설정_코스수당!$K$2)+1,0)),TEXT(DATE(YEAR(설정_코스수당!$K$2),MONTH(설정_코스수당!$K$2),6),"yyyy-mm-dd")&" 귀케어 정산","") -> 2026-06-06 귀케어 정산
A40: 날짜 | B40: 귀케어사 | C40: 근무상태 | D40: 당일 B콜 | E40: 당일 귀케어풀 | F40: 정상근무자수 | G40: 1인 지급액 | H40: 메모
A41: =IF(6<=DAY(DATE(YEAR(설정_코스수당!$K$2),MONTH(설정_코스수당!$K$2)+1,0)),DATE(YEAR(설정_코스수당!$K$2),MONTH(설정_코스수당!$K$2),6),"") -> 46179 | B41: 귀케어1 | C41: 정상 | D41: =COUNTIFS(실시간콜입력!$B:$B,A41,실시간콜입력!$E:$E,"B",실시간콜입력!$O:$O,"방문완료") -> 0 | E41: =SUMIFS(실시간콜입력!$M:$M,실시간콜입력!$B:$B,A41,실시간콜입력!$O:$O,"방문완료") -> 0 | F41: =COUNTIFS($A:$A,A41,$C:$C,"정상") -> 4 | G41: =IF(C41="정상",IF(F41>0,E41/F41,0),0) -> 0
A42: =IF(6<=DAY(DATE(YEAR(설정_코스수당!$K$2),MONTH(설정_코스수당!$K$2)+1,0)),DATE(YEAR(설정_코스수당!$K$2),MONTH(설정_코스수당!$K$2),6),"") -> 46179 | B42: 귀케어2 | C42: 정상 | D42: =COUNTIFS(실시간콜입력!$B:$B,A42,실시간콜입력!$E:$E,"B",실시간콜입력!$O:$O,"방문완료") -> 0 | E42: =SUMIFS(실시간콜입력!$M:$M,실시간콜입력!$B:$B,A42,실시간콜입력!$O:$O,"방문완료") -> 0 | F42: =COUNTIFS($A:$A,A42,$C:$C,"정상") -> 4 | G42: =IF(C42="정상",IF(F42>0,E42/F42,0),0) -> 0
A43: =IF(6<=DAY(DATE(YEAR(설정_코스수당!$K$2),MONTH(설정_코스수당!$K$2)+1,0)),DATE(YEAR(설정_코스수당!$K$2),MONTH(설정_코스수당!$K$2),6),"") -> 46179 | B43: 귀케어3 | C43: 정상 | D43: =COUNTIFS(실시간콜입력!$B:$B,A43,실시간콜입력!$E:$E,"B",실시간콜입력!$O:$O,"방문완료") -> 0 | E43: =SUMIFS(실시간콜입력!$M:$M,실시간콜입력!$B:$B,A43,실시간콜입력!$O:$O,"방문완료") -> 0 | F43: =COUNTIFS($A:$A,A43,$C:$C,"정상") -> 4 | G43: =IF(C43="정상",IF(F43>0,E43/F43,0),0) -> 0
A44: =IF(6<=DAY(DATE(YEAR(설정_코스수당!$K$2),MONTH(설정_코스수당!$K$2)+1,0)),DATE(YEAR(설정_코스수당!$K$2),MONTH(설정_코스수당!$K$2),6),"") -> 46179 | B44: 귀케어4 | C44: 정상 | D44: =COUNTIFS(실시간콜입력!$B:$B,A44,실시간콜입력!$E:$E,"B",실시간콜입력!$O:$O,"방문완료") -> 0 | E44: =SUMIFS(실시간콜입력!$M:$M,실시간콜입력!$B:$B,A44,실시간콜입력!$O:$O,"방문완료") -> 0 | F44: =COUNTIFS($A:$A,A44,$C:$C,"정상") -> 4 | G44: =IF(C44="정상",IF(F44>0,E44/F44,0),0) -> 0
A46: =IF(7<=DAY(DATE(YEAR(설정_코스수당!$K$2),MONTH(설정_코스수당!$K$2)+1,0)),TEXT(DATE(YEAR(설정_코스수당!$K$2),MONTH(설정_코스수당!$K$2),7),"yyyy-mm-dd")&" 귀케어 정산","") -> 2026-06-07 귀케어 정산
A47: 날짜 | B47: 귀케어사 | C47: 근무상태 | D47: 당일 B콜 | E47: 당일 귀케어풀 | F47: 정상근무자수 | G47: 1인 지급액 | H47: 메모
A48: =IF(7<=DAY(DATE(YEAR(설정_코스수당!$K$2),MONTH(설정_코스수당!$K$2)+1,0)),DATE(YEAR(설정_코스수당!$K$2),MONTH(설정_코스수당!$K$2),7),"") -> 46180 | B48: 귀케어1 | C48: 정상 | D48: =COUNTIFS(실시간콜입력!$B:$B,A48,실시간콜입력!$E:$E,"B",실시간콜입력!$O:$O,"방문완료") -> 0 | E48: =SUMIFS(실시간콜입력!$M:$M,실시간콜입력!$B:$B,A48,실시간콜입력!$O:$O,"방문완료") -> 0 | F48: =COUNTIFS($A:$A,A48,$C:$C,"정상") -> 4 | G48: =IF(C48="정상",IF(F48>0,E48/F48,0),0) -> 0
A49: =IF(7<=DAY(DATE(YEAR(설정_코스수당!$K$2),MONTH(설정_코스수당!$K$2)+1,0)),DATE(YEAR(설정_코스수당!$K$2),MONTH(설정_코스수당!$K$2),7),"") -> 46180 | B49: 귀케어2 | C49: 정상 | D49: =COUNTIFS(실시간콜입력!$B:$B,A49,실시간콜입력!$E:$E,"B",실시간콜입력!$O:$O,"방문완료") -> 0 | E49: =SUMIFS(실시간콜입력!$M:$M,실시간콜입력!$B:$B,A49,실시간콜입력!$O:$O,"방문완료") -> 0 | F49: =COUNTIFS($A:$A,A49,$C:$C,"정상") -> 4 | G49: =IF(C49="정상",IF(F49>0,E49/F49,0),0) -> 0
A50: =IF(7<=DAY(DATE(YEAR(설정_코스수당!$K$2),MONTH(설정_코스수당!$K$2)+1,0)),DATE(YEAR(설정_코스수당!$K$2),MONTH(설정_코스수당!$K$2),7),"") -> 46180 | B50: 귀케어3 | C50: 정상 | D50: =COUNTIFS(실시간콜입력!$B:$B,A50,실시간콜입력!$E:$E,"B",실시간콜입력!$O:$O,"방문완료") -> 0 | E50: =SUMIFS(실시간콜입력!$M:$M,실시간콜입력!$B:$B,A50,실시간콜입력!$O:$O,"방문완료") -> 0 | F50: =COUNTIFS($A:$A,A50,$C:$C,"정상") -> 4 | G50: =IF(C50="정상",IF(F50>0,E50/F50,0),0) -> 0
A51: =IF(7<=DAY(DATE(YEAR(설정_코스수당!$K$2),MONTH(설정_코스수당!$K$2)+1,0)),DATE(YEAR(설정_코스수당!$K$2),MONTH(설정_코스수당!$K$2),7),"") -> 46180 | B51: 귀케어4 | C51: 정상 | D51: =COUNTIFS(실시간콜입력!$B:$B,A51,실시간콜입력!$E:$E,"B",실시간콜입력!$O:$O,"방문완료") -> 0 | E51: =SUMIFS(실시간콜입력!$M:$M,실시간콜입력!$B:$B,A51,실시간콜입력!$O:$O,"방문완료") -> 0 | F51: =COUNTIFS($A:$A,A51,$C:$C,"정상") -> 4 | G51: =IF(C51="정상",IF(F51>0,E51/F51,0),0) -> 0
A53: =IF(8<=DAY(DATE(YEAR(설정_코스수당!$K$2),MONTH(설정_코스수당!$K$2)+1,0)),TEXT(DATE(YEAR(설정_코스수당!$K$2),MONTH(설정_코스수당!$K$2),8),"yyyy-mm-dd")&" 귀케어 정산","") -> 2026-06-08 귀케어 정산
A54: 날짜 | B54: 귀케어사 | C54: 근무상태 | D54: 당일 B콜 | E54: 당일 귀케어풀 | F54: 정상근무자수 | G54: 1인 지급액 | H54: 메모
A55: =IF(8<=DAY(DATE(YEAR(설정_코스수당!$K$2),MONTH(설정_코스수당!$K$2)+1,0)),DATE(YEAR(설정_코스수당!$K$2),MONTH(설정_코스수당!$K$2),8),"") -> 46181 | B55: 귀케어1 | C55: 정상 | D55: =COUNTIFS(실시간콜입력!$B:$B,A55,실시간콜입력!$E:$E,"B",실시간콜입력!$O:$O,"방문완료") -> 0 | E55: =SUMIFS(실시간콜입력!$M:$M,실시간콜입력!$B:$B,A55,실시간콜입력!$O:$O,"방문완료") -> 0 | F55: =COUNTIFS($A:$A,A55,$C:$C,"정상") -> 4 | G55: =IF(C55="정상",IF(F55>0,E55/F55,0),0) -> 0
A56: =IF(8<=DAY(DATE(YEAR(설정_코스수당!$K$2),MONTH(설정_코스수당!$K$2)+1,0)),DATE(YEAR(설정_코스수당!$K$2),MONTH(설정_코스수당!$K$2),8),"") -> 46181 | B56: 귀케어2 | C56: 정상 | D56: =COUNTIFS(실시간콜입력!$B:$B,A56,실시간콜입력!$E:$E,"B",실시간콜입력!$O:$O,"방문완료") -> 0 | E56: =SUMIFS(실시간콜입력!$M:$M,실시간콜입력!$B:$B,A56,실시간콜입력!$O:$O,"방문완료") -> 0 | F56: =COUNTIFS($A:$A,A56,$C:$C,"정상") -> 4 | G56: =IF(C56="정상",IF(F56>0,E56/F56,0),0) -> 0
A57: =IF(8<=DAY(DATE(YEAR(설정_코스수당!$K$2),MONTH(설정_코스수당!$K$2)+1,0)),DATE(YEAR(설정_코스수당!$K$2),MONTH(설정_코스수당!$K$2),8),"") -> 46181 | B57: 귀케어3 | C57: 정상 | D57: =COUNTIFS(실시간콜입력!$B:$B,A57,실시간콜입력!$E:$E,"B",실시간콜입력!$O:$O,"방문완료") -> 0 | E57: =SUMIFS(실시간콜입력!$M:$M,실시간콜입력!$B:$B,A57,실시간콜입력!$O:$O,"방문완료") -> 0 | F57: =COUNTIFS($A:$A,A57,$C:$C,"정상") -> 4 | G57: =IF(C57="정상",IF(F57>0,E57/F57,0),0) -> 0
A58: =IF(8<=DAY(DATE(YEAR(설정_코스수당!$K$2),MONTH(설정_코스수당!$K$2)+1,0)),DATE(YEAR(설정_코스수당!$K$2),MONTH(설정_코스수당!$K$2),8),"") -> 46181 | B58: 귀케어4 | C58: 정상 | D58: =COUNTIFS(실시간콜입력!$B:$B,A58,실시간콜입력!$E:$E,"B",실시간콜입력!$O:$O,"방문완료") -> 0 | E58: =SUMIFS(실시간콜입력!$M:$M,실시간콜입력!$B:$B,A58,실시간콜입력!$O:$O,"방문완료") -> 0 | F58: =COUNTIFS($A:$A,A58,$C:$C,"정상") -> 4 | G58: =IF(C58="정상",IF(F58>0,E58/F58,0),0) -> 0
A60: =IF(9<=DAY(DATE(YEAR(설정_코스수당!$K$2),MONTH(설정_코스수당!$K$2)+1,0)),TEXT(DATE(YEAR(설정_코스수당!$K$2),MONTH(설정_코스수당!$K$2),9),"yyyy-mm-dd")&" 귀케어 정산","") -> 2026-06-09 귀케어 정산
A61: 날짜 | B61: 귀케어사 | C61: 근무상태 | D61: 당일 B콜 | E61: 당일 귀케어풀 | F61: 정상근무자수 | G61: 1인 지급액 | H61: 메모
A62: =IF(9<=DAY(DATE(YEAR(설정_코스수당!$K$2),MONTH(설정_코스수당!$K$2)+1,0)),DATE(YEAR(설정_코스수당!$K$2),MONTH(설정_코스수당!$K$2),9),"") -> 46182 | B62: 귀케어1 | C62: 정상 | D62: =COUNTIFS(실시간콜입력!$B:$B,A62,실시간콜입력!$E:$E,"B",실시간콜입력!$O:$O,"방문완료") -> 0 | E62: =SUMIFS(실시간콜입력!$M:$M,실시간콜입력!$B:$B,A62,실시간콜입력!$O:$O,"방문완료") -> 0 | F62: =COUNTIFS($A:$A,A62,$C:$C,"정상") -> 4 | G62: =IF(C62="정상",IF(F62>0,E62/F62,0),0) -> 0
A63: =IF(9<=DAY(DATE(YEAR(설정_코스수당!$K$2),MONTH(설정_코스수당!$K$2)+1,0)),DATE(YEAR(설정_코스수당!$K$2),MONTH(설정_코스수당!$K$2),9),"") -> 46182 | B63: 귀케어2 | C63: 정상 | D63: =COUNTIFS(실시간콜입력!$B:$B,A63,실시간콜입력!$E:$E,"B",실시간콜입력!$O:$O,"방문완료") -> 0 | E63: =SUMIFS(실시간콜입력!$M:$M,실시간콜입력!$B:$B,A63,실시간콜입력!$O:$O,"방문완료") -> 0 | F63: =COUNTIFS($A:$A,A63,$C:$C,"정상") -> 4 | G63: =IF(C63="정상",IF(F63>0,E63/F63,0),0) -> 0
A64: =IF(9<=DAY(DATE(YEAR(설정_코스수당!$K$2),MONTH(설정_코스수당!$K$2)+1,0)),DATE(YEAR(설정_코스수당!$K$2),MONTH(설정_코스수당!$K$2),9),"") -> 46182 | B64: 귀케어3 | C64: 정상 | D64: =COUNTIFS(실시간콜입력!$B:$B,A64,실시간콜입력!$E:$E,"B",실시간콜입력!$O:$O,"방문완료") -> 0 | E64: =SUMIFS(실시간콜입력!$M:$M,실시간콜입력!$B:$B,A64,실시간콜입력!$O:$O,"방문완료") -> 0 | F64: =COUNTIFS($A:$A,A64,$C:$C,"정상") -> 4 | G64: =IF(C64="정상",IF(F64>0,E64/F64,0),0) -> 0
A65: =IF(9<=DAY(DATE(YEAR(설정_코스수당!$K$2),MONTH(설정_코스수당!$K$2)+1,0)),DATE(YEAR(설정_코스수당!$K$2),MONTH(설정_코스수당!$K$2),9),"") -> 46182 | B65: 귀케어4 | C65: 정상 | D65: =COUNTIFS(실시간콜입력!$B:$B,A65,실시간콜입력!$E:$E,"B",실시간콜입력!$O:$O,"방문완료") -> 0 | E65: =SUMIFS(실시간콜입력!$M:$M,실시간콜입력!$B:$B,A65,실시간콜입력!$O:$O,"방문완료") -> 0 | F65: =COUNTIFS($A:$A,A65,$C:$C,"정상") -> 4 | G65: =IF(C65="정상",IF(F65>0,E65/F65,0),0) -> 0
A67: =IF(10<=DAY(DATE(YEAR(설정_코스수당!$K$2),MONTH(설정_코스수당!$K$2)+1,0)),TEXT(DATE(YEAR(설정_코스수당!$K$2),MONTH(설정_코스수당!$K$2),10),"yyyy-mm-dd")&" 귀케어 정산","") -> 2026-06-10 귀케어 정산
A68: 날짜 | B68: 귀케어사 | C68: 근무상태 | D68: 당일 B콜 | E68: 당일 귀케어풀 | F68: 정상근무자수 | G68: 1인 지급액 | H68: 메모
A69: =IF(10<=DAY(DATE(YEAR(설정_코스수당!$K$2),MONTH(설정_코스수당!$K$2)+1,0)),DATE(YEAR(설정_코스수당!$K$2),MONTH(설정_코스수당!$K$2),10),"") -> 46183 | B69: 귀케어1 | C69: 정상 | D69: =COUNTIFS(실시간콜입력!$B:$B,A69,실시간콜입력!$E:$E,"B",실시간콜입력!$O:$O,"방문완료") -> 0 | E69: =SUMIFS(실시간콜입력!$M:$M,실시간콜입력!$B:$B,A69,실시간콜입력!$O:$O,"방문완료") -> 0 | F69: =COUNTIFS($A:$A,A69,$C:$C,"정상") -> 4 | G69: =IF(C69="정상",IF(F69>0,E69/F69,0),0) -> 0
A70: =IF(10<=DAY(DATE(YEAR(설정_코스수당!$K$2),MONTH(설정_코스수당!$K$2)+1,0)),DATE(YEAR(설정_코스수당!$K$2),MONTH(설정_코스수당!$K$2),10),"") -> 46183 | B70: 귀케어2 | C70: 정상 | D70: =COUNTIFS(실시간콜입력!$B:$B,A70,실시간콜입력!$E:$E,"B",실시간콜입력!$O:$O,"방문완료") -> 0 | E70: =SUMIFS(실시간콜입력!$M:$M,실시간콜입력!$B:$B,A70,실시간콜입력!$O:$O,"방문완료") -> 0 | F70: =COUNTIFS($A:$A,A70,$C:$C,"정상") -> 4 | G70: =IF(C70="정상",IF(F70>0,E70/F70,0),0) -> 0
A71: =IF(10<=DAY(DATE(YEAR(설정_코스수당!$K$2),MONTH(설정_코스수당!$K$2)+1,0)),DATE(YEAR(설정_코스수당!$K$2),MONTH(설정_코스수당!$K$2),10),"") -> 46183 | B71: 귀케어3 | C71: 정상 | D71: =COUNTIFS(실시간콜입력!$B:$B,A71,실시간콜입력!$E:$E,"B",실시간콜입력!$O:$O,"방문완료") -> 0 | E71: =SUMIFS(실시간콜입력!$M:$M,실시간콜입력!$B:$B,A71,실시간콜입력!$O:$O,"방문완료") -> 0 | F71: =COUNTIFS($A:$A,A71,$C:$C,"정상") -> 4 | G71: =IF(C71="정상",IF(F71>0,E71/F71,0),0) -> 0
A72: =IF(10<=DAY(DATE(YEAR(설정_코스수당!$K$2),MONTH(설정_코스수당!$K$2)+1,0)),DATE(YEAR(설정_코스수당!$K$2),MONTH(설정_코스수당!$K$2),10),"") -> 46183 | B72: 귀케어4 | C72: 정상 | D72: =COUNTIFS(실시간콜입력!$B:$B,A72,실시간콜입력!$E:$E,"B",실시간콜입력!$O:$O,"방문완료") -> 0 | E72: =SUMIFS(실시간콜입력!$M:$M,실시간콜입력!$B:$B,A72,실시간콜입력!$O:$O,"방문완료") -> 0 | F72: =COUNTIFS($A:$A,A72,$C:$C,"정상") -> 4 | G72: =IF(C72="정상",IF(F72>0,E72/F72,0),0) -> 0
A74: =IF(11<=DAY(DATE(YEAR(설정_코스수당!$K$2),MONTH(설정_코스수당!$K$2)+1,0)),TEXT(DATE(YEAR(설정_코스수당!$K$2),MONTH(설정_코스수당!$K$2),11),"yyyy-mm-dd")&" 귀케어 정산","") -> 2026-06-11 귀케어 정산
A75: 날짜 | B75: 귀케어사 | C75: 근무상태 | D75: 당일 B콜 | E75: 당일 귀케어풀 | F75: 정상근무자수 | G75: 1인 지급액 | H75: 메모
A76: =IF(11<=DAY(DATE(YEAR(설정_코스수당!$K$2),MONTH(설정_코스수당!$K$2)+1,0)),DATE(YEAR(설정_코스수당!$K$2),MONTH(설정_코스수당!$K$2),11),"") -> 46184 | B76: 귀케어1 | C76: 정상 | D76: =COUNTIFS(실시간콜입력!$B:$B,A76,실시간콜입력!$E:$E,"B",실시간콜입력!$O:$O,"방문완료") -> 0 | E76: =SUMIFS(실시간콜입력!$M:$M,실시간콜입력!$B:$B,A76,실시간콜입력!$O:$O,"방문완료") -> 0 | F76: =COUNTIFS($A:$A,A76,$C:$C,"정상") -> 4 | G76: =IF(C76="정상",IF(F76>0,E76/F76,0),0) -> 0
A77: =IF(11<=DAY(DATE(YEAR(설정_코스수당!$K$2),MONTH(설정_코스수당!$K$2)+1,0)),DATE(YEAR(설정_코스수당!$K$2),MONTH(설정_코스수당!$K$2),11),"") -> 46184 | B77: 귀케어2 | C77: 정상 | D77: =COUNTIFS(실시간콜입력!$B:$B,A77,실시간콜입력!$E:$E,"B",실시간콜입력!$O:$O,"방문완료") -> 0 | E77: =SUMIFS(실시간콜입력!$M:$M,실시간콜입력!$B:$B,A77,실시간콜입력!$O:$O,"방문완료") -> 0 | F77: =COUNTIFS($A:$A,A77,$C:$C,"정상") -> 4 | G77: =IF(C77="정상",IF(F77>0,E77/F77,0),0) -> 0
A78: =IF(11<=DAY(DATE(YEAR(설정_코스수당!$K$2),MONTH(설정_코스수당!$K$2)+1,0)),DATE(YEAR(설정_코스수당!$K$2),MONTH(설정_코스수당!$K$2),11),"") -> 46184 | B78: 귀케어3 | C78: 정상 | D78: =COUNTIFS(실시간콜입력!$B:$B,A78,실시간콜입력!$E:$E,"B",실시간콜입력!$O:$O,"방문완료") -> 0 | E78: =SUMIFS(실시간콜입력!$M:$M,실시간콜입력!$B:$B,A78,실시간콜입력!$O:$O,"방문완료") -> 0 | F78: =COUNTIFS($A:$A,A78,$C:$C,"정상") -> 4 | G78: =IF(C78="정상",IF(F78>0,E78/F78,0),0) -> 0
A79: =IF(11<=DAY(DATE(YEAR(설정_코스수당!$K$2),MONTH(설정_코스수당!$K$2)+1,0)),DATE(YEAR(설정_코스수당!$K$2),MONTH(설정_코스수당!$K$2),11),"") -> 46184 | B79: 귀케어4 | C79: 정상 | D79: =COUNTIFS(실시간콜입력!$B:$B,A79,실시간콜입력!$E:$E,"B",실시간콜입력!$O:$O,"방문완료") -> 0 | E79: =SUMIFS(실시간콜입력!$M:$M,실시간콜입력!$B:$B,A79,실시간콜입력!$O:$O,"방문완료") -> 0 | F79: =COUNTIFS($A:$A,A79,$C:$C,"정상") -> 4 | G79: =IF(C79="정상",IF(F79>0,E79/F79,0),0) -> 0
A81: =IF(12<=DAY(DATE(YEAR(설정_코스수당!$K$2),MONTH(설정_코스수당!$K$2)+1,0)),TEXT(DATE(YEAR(설정_코스수당!$K$2),MONTH(설정_코스수당!$K$2),12),"yyyy-mm-dd")&" 귀케어 정산","") -> 2026-06-12 귀케어 정산
A82: 날짜 | B82: 귀케어사 | C82: 근무상태 | D82: 당일 B콜 | E82: 당일 귀케어풀 | F82: 정상근무자수 | G82: 1인 지급액 | H82: 메모
A83: =IF(12<=DAY(DATE(YEAR(설정_코스수당!$K$2),MONTH(설정_코스수당!$K$2)+1,0)),DATE(YEAR(설정_코스수당!$K$2),MONTH(설정_코스수당!$K$2),12),"") -> 46185 | B83: 귀케어1 | C83: 정상 | D83: =COUNTIFS(실시간콜입력!$B:$B,A83,실시간콜입력!$E:$E,"B",실시간콜입력!$O:$O,"방문완료") -> 0 | E83: =SUMIFS(실시간콜입력!$M:$M,실시간콜입력!$B:$B,A83,실시간콜입력!$O:$O,"방문완료") -> 0 | F83: =COUNTIFS($A:$A,A83,$C:$C,"정상") -> 4 | G83: =IF(C83="정상",IF(F83>0,E83/F83,0),0) -> 0
A84: =IF(12<=DAY(DATE(YEAR(설정_코스수당!$K$2),MONTH(설정_코스수당!$K$2)+1,0)),DATE(YEAR(설정_코스수당!$K$2),MONTH(설정_코스수당!$K$2),12),"") -> 46185 | B84: 귀케어2 | C84: 정상 | D84: =COUNTIFS(실시간콜입력!$B:$B,A84,실시간콜입력!$E:$E,"B",실시간콜입력!$O:$O,"방문완료") -> 0 | E84: =SUMIFS(실시간콜입력!$M:$M,실시간콜입력!$B:$B,A84,실시간콜입력!$O:$O,"방문완료") -> 0 | F84: =COUNTIFS($A:$A,A84,$C:$C,"정상") -> 4 | G84: =IF(C84="정상",IF(F84>0,E84/F84,0),0) -> 0
A85: =IF(12<=DAY(DATE(YEAR(설정_코스수당!$K$2),MONTH(설정_코스수당!$K$2)+1,0)),DATE(YEAR(설정_코스수당!$K$2),MONTH(설정_코스수당!$K$2),12),"") -> 46185 | B85: 귀케어3 | C85: 정상 | D85: =COUNTIFS(실시간콜입력!$B:$B,A85,실시간콜입력!$E:$E,"B",실시간콜입력!$O:$O,"방문완료") -> 0 | E85: =SUMIFS(실시간콜입력!$M:$M,실시간콜입력!$B:$B,A85,실시간콜입력!$O:$O,"방문완료") -> 0 | F85: =COUNTIFS($A:$A,A85,$C:$C,"정상") -> 4 | G85: =IF(C85="정상",IF(F85>0,E85/F85,0),0) -> 0
A86: =IF(12<=DAY(DATE(YEAR(설정_코스수당!$K$2),MONTH(설정_코스수당!$K$2)+1,0)),DATE(YEAR(설정_코스수당!$K$2),MONTH(설정_코스수당!$K$2),12),"") -> 46185 | B86: 귀케어4 | C86: 정상 | D86: =COUNTIFS(실시간콜입력!$B:$B,A86,실시간콜입력!$E:$E,"B",실시간콜입력!$O:$O,"방문완료") -> 0 | E86: =SUMIFS(실시간콜입력!$M:$M,실시간콜입력!$B:$B,A86,실시간콜입력!$O:$O,"방문완료") -> 0 | F86: =COUNTIFS($A:$A,A86,$C:$C,"정상") -> 4 | G86: =IF(C86="정상",IF(F86>0,E86/F86,0),0) -> 0
A88: =IF(13<=DAY(DATE(YEAR(설정_코스수당!$K$2),MONTH(설정_코스수당!$K$2)+1,0)),TEXT(DATE(YEAR(설정_코스수당!$K$2),MONTH(설정_코스수당!$K$2),13),"yyyy-mm-dd")&" 귀케어 정산","") -> 2026-06-13 귀케어 정산
A89: 날짜 | B89: 귀케어사 | C89: 근무상태 | D89: 당일 B콜 | E89: 당일 귀케어풀 | F89: 정상근무자수 | G89: 1인 지급액 | H89: 메모
A90: =IF(13<=DAY(DATE(YEAR(설정_코스수당!$K$2),MONTH(설정_코스수당!$K$2)+1,0)),DATE(YEAR(설정_코스수당!$K$2),MONTH(설정_코스수당!$K$2),13),"") -> 46186 | B90: 귀케어1 | C90: 정상 | D90: =COUNTIFS(실시간콜입력!$B:$B,A90,실시간콜입력!$E:$E,"B",실시간콜입력!$O:$O,"방문완료") -> 0 | E90: =SUMIFS(실시간콜입력!$M:$M,실시간콜입력!$B:$B,A90,실시간콜입력!$O:$O,"방문완료") -> 0 | F90: =COUNTIFS($A:$A,A90,$C:$C,"정상") -> 4 | G90: =IF(C90="정상",IF(F90>0,E90/F90,0),0) -> 0
A91: =IF(13<=DAY(DATE(YEAR(설정_코스수당!$K$2),MONTH(설정_코스수당!$K$2)+1,0)),DATE(YEAR(설정_코스수당!$K$2),MONTH(설정_코스수당!$K$2),13),"") -> 46186 | B91: 귀케어2 | C91: 정상 | D91: =COUNTIFS(실시간콜입력!$B:$B,A91,실시간콜입력!$E:$E,"B",실시간콜입력!$O:$O,"방문완료") -> 0 | E91: =SUMIFS(실시간콜입력!$M:$M,실시간콜입력!$B:$B,A91,실시간콜입력!$O:$O,"방문완료") -> 0 | F91: =COUNTIFS($A:$A,A91,$C:$C,"정상") -> 4 | G91: =IF(C91="정상",IF(F91>0,E91/F91,0),0) -> 0
A92: =IF(13<=DAY(DATE(YEAR(설정_코스수당!$K$2),MONTH(설정_코스수당!$K$2)+1,0)),DATE(YEAR(설정_코스수당!$K$2),MONTH(설정_코스수당!$K$2),13),"") -> 46186 | B92: 귀케어3 | C92: 정상 | D92: =COUNTIFS(실시간콜입력!$B:$B,A92,실시간콜입력!$E:$E,"B",실시간콜입력!$O:$O,"방문완료") -> 0 | E92: =SUMIFS(실시간콜입력!$M:$M,실시간콜입력!$B:$B,A92,실시간콜입력!$O:$O,"방문완료") -> 0 | F92: =COUNTIFS($A:$A,A92,$C:$C,"정상") -> 4 | G92: =IF(C92="정상",IF(F92>0,E92/F92,0),0) -> 0
A93: =IF(13<=DAY(DATE(YEAR(설정_코스수당!$K$2),MONTH(설정_코스수당!$K$2)+1,0)),DATE(YEAR(설정_코스수당!$K$2),MONTH(설정_코스수당!$K$2),13),"") -> 46186 | B93: 귀케어4 | C93: 정상 | D93: =COUNTIFS(실시간콜입력!$B:$B,A93,실시간콜입력!$E:$E,"B",실시간콜입력!$O:$O,"방문완료") -> 0 | E93: =SUMIFS(실시간콜입력!$M:$M,실시간콜입력!$B:$B,A93,실시간콜입력!$O:$O,"방문완료") -> 0 | F93: =COUNTIFS($A:$A,A93,$C:$C,"정상") -> 4 | G93: =IF(C93="정상",IF(F93>0,E93/F93,0),0) -> 0
A95: =IF(14<=DAY(DATE(YEAR(설정_코스수당!$K$2),MONTH(설정_코스수당!$K$2)+1,0)),TEXT(DATE(YEAR(설정_코스수당!$K$2),MONTH(설정_코스수당!$K$2),14),"yyyy-mm-dd")&" 귀케어 정산","") -> 2026-06-14 귀케어 정산
A96: 날짜 | B96: 귀케어사 | C96: 근무상태 | D96: 당일 B콜 | E96: 당일 귀케어풀 | F96: 정상근무자수 | G96: 1인 지급액 | H96: 메모
A97: =IF(14<=DAY(DATE(YEAR(설정_코스수당!$K$2),MONTH(설정_코스수당!$K$2)+1,0)),DATE(YEAR(설정_코스수당!$K$2),MONTH(설정_코스수당!$K$2),14),"") -> 46187 | B97: 귀케어1 | C97: 정상 | D97: =COUNTIFS(실시간콜입력!$B:$B,A97,실시간콜입력!$E:$E,"B",실시간콜입력!$O:$O,"방문완료") -> 0 | E97: =SUMIFS(실시간콜입력!$M:$M,실시간콜입력!$B:$B,A97,실시간콜입력!$O:$O,"방문완료") -> 0 | F97: =COUNTIFS($A:$A,A97,$C:$C,"정상") -> 4 | G97: =IF(C97="정상",IF(F97>0,E97/F97,0),0) -> 0
A98: =IF(14<=DAY(DATE(YEAR(설정_코스수당!$K$2),MONTH(설정_코스수당!$K$2)+1,0)),DATE(YEAR(설정_코스수당!$K$2),MONTH(설정_코스수당!$K$2),14),"") -> 46187 | B98: 귀케어2 | C98: 정상 | D98: =COUNTIFS(실시간콜입력!$B:$B,A98,실시간콜입력!$E:$E,"B",실시간콜입력!$O:$O,"방문완료") -> 0 | E98: =SUMIFS(실시간콜입력!$M:$M,실시간콜입력!$B:$B,A98,실시간콜입력!$O:$O,"방문완료") -> 0 | F98: =COUNTIFS($A:$A,A98,$C:$C,"정상") -> 4 | G98: =IF(C98="정상",IF(F98>0,E98/F98,0),0) -> 0
A99: =IF(14<=DAY(DATE(YEAR(설정_코스수당!$K$2),MONTH(설정_코스수당!$K$2)+1,0)),DATE(YEAR(설정_코스수당!$K$2),MONTH(설정_코스수당!$K$2),14),"") -> 46187 | B99: 귀케어3 | C99: 정상 | D99: =COUNTIFS(실시간콜입력!$B:$B,A99,실시간콜입력!$E:$E,"B",실시간콜입력!$O:$O,"방문완료") -> 0 | E99: =SUMIFS(실시간콜입력!$M:$M,실시간콜입력!$B:$B,A99,실시간콜입력!$O:$O,"방문완료") -> 0 | F99: =COUNTIFS($A:$A,A99,$C:$C,"정상") -> 4 | G99: =IF(C99="정상",IF(F99>0,E99/F99,0),0) -> 0
A100: =IF(14<=DAY(DATE(YEAR(설정_코스수당!$K$2),MONTH(설정_코스수당!$K$2)+1,0)),DATE(YEAR(설정_코스수당!$K$2),MONTH(설정_코스수당!$K$2),14),"") -> 46187 | B100: 귀케어4 | C100: 정상 | D100: =COUNTIFS(실시간콜입력!$B:$B,A100,실시간콜입력!$E:$E,"B",실시간콜입력!$O:$O,"방문완료") -> 0 | E100: =SUMIFS(실시간콜입력!$M:$M,실시간콜입력!$B:$B,A100,실시간콜입력!$O:$O,"방문완료") -> 0 | F100: =COUNTIFS($A:$A,A100,$C:$C,"정상") -> 4 | G100: =IF(C100="정상",IF(F100>0,E100/F100,0),0) -> 0
A102: =IF(15<=DAY(DATE(YEAR(설정_코스수당!$K$2),MONTH(설정_코스수당!$K$2)+1,0)),TEXT(DATE(YEAR(설정_코스수당!$K$2),MONTH(설정_코스수당!$K$2),15),"yyyy-mm-dd")&" 귀케어 정산","") -> 2026-06-15 귀케어 정산
A103: 날짜 | B103: 귀케어사 | C103: 근무상태 | D103: 당일 B콜 | E103: 당일 귀케어풀 | F103: 정상근무자수 | G103: 1인 지급액 | H103: 메모
A104: =IF(15<=DAY(DATE(YEAR(설정_코스수당!$K$2),MONTH(설정_코스수당!$K$2)+1,0)),DATE(YEAR(설정_코스수당!$K$2),MONTH(설정_코스수당!$K$2),15),"") -> 46188 | B104: 귀케어1 | C104: 정상 | D104: =COUNTIFS(실시간콜입력!$B:$B,A104,실시간콜입력!$E:$E,"B",실시간콜입력!$O:$O,"방문완료") -> 0 | E104: =SUMIFS(실시간콜입력!$M:$M,실시간콜입력!$B:$B,A104,실시간콜입력!$O:$O,"방문완료") -> 0 | F104: =COUNTIFS($A:$A,A104,$C:$C,"정상") -> 4 | G104: =IF(C104="정상",IF(F104>0,E104/F104,0),0) -> 0
A105: =IF(15<=DAY(DATE(YEAR(설정_코스수당!$K$2),MONTH(설정_코스수당!$K$2)+1,0)),DATE(YEAR(설정_코스수당!$K$2),MONTH(설정_코스수당!$K$2),15),"") -> 46188 | B105: 귀케어2 | C105: 정상 | D105: =COUNTIFS(실시간콜입력!$B:$B,A105,실시간콜입력!$E:$E,"B",실시간콜입력!$O:$O,"방문완료") -> 0 | E105: =SUMIFS(실시간콜입력!$M:$M,실시간콜입력!$B:$B,A105,실시간콜입력!$O:$O,"방문완료") -> 0 | F105: =COUNTIFS($A:$A,A105,$C:$C,"정상") -> 4 | G105: =IF(C105="정상",IF(F105>0,E105/F105,0),0) -> 0
A106: =IF(15<=DAY(DATE(YEAR(설정_코스수당!$K$2),MONTH(설정_코스수당!$K$2)+1,0)),DATE(YEAR(설정_코스수당!$K$2),MONTH(설정_코스수당!$K$2),15),"") -> 46188 | B106: 귀케어3 | C106: 정상 | D106: =COUNTIFS(실시간콜입력!$B:$B,A106,실시간콜입력!$E:$E,"B",실시간콜입력!$O:$O,"방문완료") -> 0 | E106: =SUMIFS(실시간콜입력!$M:$M,실시간콜입력!$B:$B,A106,실시간콜입력!$O:$O,"방문완료") -> 0 | F106: =COUNTIFS($A:$A,A106,$C:$C,"정상") -> 4 | G106: =IF(C106="정상",IF(F106>0,E106/F106,0),0) -> 0
A107: =IF(15<=DAY(DATE(YEAR(설정_코스수당!$K$2),MONTH(설정_코스수당!$K$2)+1,0)),DATE(YEAR(설정_코스수당!$K$2),MONTH(설정_코스수당!$K$2),15),"") -> 46188 | B107: 귀케어4 | C107: 정상 | D107: =COUNTIFS(실시간콜입력!$B:$B,A107,실시간콜입력!$E:$E,"B",실시간콜입력!$O:$O,"방문완료") -> 0 | E107: =SUMIFS(실시간콜입력!$M:$M,실시간콜입력!$B:$B,A107,실시간콜입력!$O:$O,"방문완료") -> 0 | F107: =COUNTIFS($A:$A,A107,$C:$C,"정상") -> 4 | G107: =IF(C107="정상",IF(F107>0,E107/F107,0),0) -> 0
A109: =IF(16<=DAY(DATE(YEAR(설정_코스수당!$K$2),MONTH(설정_코스수당!$K$2)+1,0)),TEXT(DATE(YEAR(설정_코스수당!$K$2),MONTH(설정_코스수당!$K$2),16),"yyyy-mm-dd")&" 귀케어 정산","") -> 2026-06-16 귀케어 정산
A110: 날짜 | B110: 귀케어사 | C110: 근무상태 | D110: 당일 B콜 | E110: 당일 귀케어풀 | F110: 정상근무자수 | G110: 1인 지급액 | H110: 메모
A111: =IF(16<=DAY(DATE(YEAR(설정_코스수당!$K$2),MONTH(설정_코스수당!$K$2)+1,0)),DATE(YEAR(설정_코스수당!$K$2),MONTH(설정_코스수당!$K$2),16),"") -> 46189 | B111: 귀케어1 | C111: 정상 | D111: =COUNTIFS(실시간콜입력!$B:$B,A111,실시간콜입력!$E:$E,"B",실시간콜입력!$O:$O,"방문완료") -> 0 | E111: =SUMIFS(실시간콜입력!$M:$M,실시간콜입력!$B:$B,A111,실시간콜입력!$O:$O,"방문완료") -> 0 | F111: =COUNTIFS($A:$A,A111,$C:$C,"정상") -> 4 | G111: =IF(C111="정상",IF(F111>0,E111/F111,0),0) -> 0
A112: =IF(16<=DAY(DATE(YEAR(설정_코스수당!$K$2),MONTH(설정_코스수당!$K$2)+1,0)),DATE(YEAR(설정_코스수당!$K$2),MONTH(설정_코스수당!$K$2),16),"") -> 46189 | B112: 귀케어2 | C112: 정상 | D112: =COUNTIFS(실시간콜입력!$B:$B,A112,실시간콜입력!$E:$E,"B",실시간콜입력!$O:$O,"방문완료") -> 0 | E112: =SUMIFS(실시간콜입력!$M:$M,실시간콜입력!$B:$B,A112,실시간콜입력!$O:$O,"방문완료") -> 0 | F112: =COUNTIFS($A:$A,A112,$C:$C,"정상") -> 4 | G112: =IF(C112="정상",IF(F112>0,E112/F112,0),0) -> 0
A113: =IF(16<=DAY(DATE(YEAR(설정_코스수당!$K$2),MONTH(설정_코스수당!$K$2)+1,0)),DATE(YEAR(설정_코스수당!$K$2),MONTH(설정_코스수당!$K$2),16),"") -> 46189 | B113: 귀케어3 | C113: 정상 | D113: =COUNTIFS(실시간콜입력!$B:$B,A113,실시간콜입력!$E:$E,"B",실시간콜입력!$O:$O,"방문완료") -> 0 | E113: =SUMIFS(실시간콜입력!$M:$M,실시간콜입력!$B:$B,A113,실시간콜입력!$O:$O,"방문완료") -> 0 | F113: =COUNTIFS($A:$A,A113,$C:$C,"정상") -> 4 | G113: =IF(C113="정상",IF(F113>0,E113/F113,0),0) -> 0
A114: =IF(16<=DAY(DATE(YEAR(설정_코스수당!$K$2),MONTH(설정_코스수당!$K$2)+1,0)),DATE(YEAR(설정_코스수당!$K$2),MONTH(설정_코스수당!$K$2),16),"") -> 46189 | B114: 귀케어4 | C114: 정상 | D114: =COUNTIFS(실시간콜입력!$B:$B,A114,실시간콜입력!$E:$E,"B",실시간콜입력!$O:$O,"방문완료") -> 0 | E114: =SUMIFS(실시간콜입력!$M:$M,실시간콜입력!$B:$B,A114,실시간콜입력!$O:$O,"방문완료") -> 0 | F114: =COUNTIFS($A:$A,A114,$C:$C,"정상") -> 4 | G114: =IF(C114="정상",IF(F114>0,E114/F114,0),0) -> 0
A116: =IF(17<=DAY(DATE(YEAR(설정_코스수당!$K$2),MONTH(설정_코스수당!$K$2)+1,0)),TEXT(DATE(YEAR(설정_코스수당!$K$2),MONTH(설정_코스수당!$K$2),17),"yyyy-mm-dd")&" 귀케어 정산","") -> 2026-06-17 귀케어 정산
A117: 날짜 | B117: 귀케어사 | C117: 근무상태 | D117: 당일 B콜 | E117: 당일 귀케어풀 | F117: 정상근무자수 | G117: 1인 지급액 | H117: 메모
...

Sheet 마사지사일정산
A1: 마사지사 일일정산 — 실시간콜입력 자동 집계
A2: 날짜별 합계 행 옆의 + / - 로 상세 마사지사 50명을 접고 펼칠 수 있습니다. 대기시간만 입력하면 만근 인정이 자동 체크됩니다.
A4: 날짜 | B4: 마사지사 | C4: 출근시간 | D4: 퇴근시간 | E4: 대기시간 | F4: A콜 | G4: B콜 | H4: C콜 | I4: D콜 | J4: E콜 | K4: 총콜 | L4: 당일정산 | M4: 만근인정 | N4: 메모
A5: =IF(1<=DAY(DATE(YEAR(설정_코스수당!$K$2),MONTH(설정_코스수당!$K$2)+1,0)),DATE(YEAR(설정_코스수당!$K$2),MONTH(설정_코스수당!$K$2),1),"") -> 46174 | B5: =IF(A5="","","출근 "&COUNTIF(C7:C56,"<>")&"명") -> 출근 0명 | C5: =IF(A5="","","만근 "&COUNTIF(M7:M56,"인정")&"명") -> 만근 0명 | D5: =IFERROR("평균 "&TEXT(AVERAGEIF(E7:E56,">0",E7:E56),"0.0")&"h","평균 -") -> 평균 - | E5: - | F5: =SUM(F7:F56) -> 0 | G5: =SUM(G7:G56) -> 0 | H5: =SUM(H7:H56) -> 0 | I5: =SUM(I7:I56) -> 0 | J5: =SUM(J7:J56) -> 0 | K5: =SUM(K7:K56) -> 0 | L5: =SUM(L7:L56) -> 0 | M5: =COUNTIF(M7:M56,"인정") -> 0 | N5: 일별 합계
A6: 날짜 | B6: 마사지사 | C6: 출근시간 | D6: 퇴근시간 | E6: 대기시간 | F6: A콜 | G6: B콜 | H6: C콜 | I6: D콜 | J6: E콜 | K6: 총콜 | L6: 당일정산 | M6: 만근인정 | N6: 메모
A7: =IF(1<=DAY(DATE(YEAR(설정_코스수당!$K$2),MONTH(설정_코스수당!$K$2)+1,0)),DATE(YEAR(설정_코스수당!$K$2),MONTH(설정_코스수당!$K$2),1),"") -> 46174 | B7: 마사지사1 | E7: =IF(AND(C7<>"",D7<>""),IF(D7<C7,D7+1-C7,D7-C7)*24,"") | F7: =COUNTIFS(실시간콜입력!$B:$B,$A7,실시간콜입력!$E:$E,"A",실시간콜입력!$G:$G,$B7,실시간콜입력!$O:$O,"방문완료")+COUNTIFS(실시간콜입력!$B:$B,$A7,실시간콜입력!$E:$E,"A",실시간콜입력!$H:$H,$B7,실시간콜입력!$O:$O,"방문완료") -> 0 | G7: =COUNTIFS(실시간콜입력!$B:$B,$A7,실시간콜입력!$E:$E,"B",실시간콜입력!$G:$G,$B7,실시간콜입력!$O:$O,"방문완료")+COUNTIFS(실시간콜입력!$B:$B,$A7,실시간콜입력!$E:$E,"B",실시간콜입력!$H:$H,$B7,실시간콜입력!$O:$O,"방문완료") -> 0 | H7: =COUNTIFS(실시간콜입력!$B:$B,$A7,실시간콜입력!$E:$E,"C",실시간콜입력!$G:$G,$B7,실시간콜입력!$O:$O,"방문완료")+COUNTIFS(실시간콜입력!$B:$B,$A7,실시간콜입력!$E:$E,"C",실시간콜입력!$H:$H,$B7,실시간콜입력!$O:$O,"방문완료") -> 0 | I7: =COUNTIFS(실시간콜입력!$B:$B,$A7,실시간콜입력!$E:$E,"D",실시간콜입력!$G:$G,$B7,실시간콜입력!$O:$O,"방문완료")+COUNTIFS(실시간콜입력!$B:$B,$A7,실시간콜입력!$E:$E,"D",실시간콜입력!$H:$H,$B7,실시간콜입력!$O:$O,"방문완료") -> 0 | J7: =COUNTIFS(실시간콜입력!$B:$B,$A7,실시간콜입력!$E:$E,"E",실시간콜입력!$G:$G,$B7,실시간콜입력!$O:$O,"방문완료")+COUNTIFS(실시간콜입력!$B:$B,$A7,실시간콜입력!$E:$E,"E",실시간콜입력!$H:$H,$B7,실시간콜입력!$O:$O,"방문완료") -> 0 | K7: =SUM(F7:J7) -> 0 | L7: =SUMIFS(실시간콜입력!$K:$K,실시간콜입력!$B:$B,$A7,실시간콜입력!$G:$G,$B7,실시간콜입력!$O:$O,"방문완료")+SUMIFS(실시간콜입력!$L:$L,실시간콜입력!$B:$B,$A7,실시간콜입력!$H:$H,$B7,실시간콜입력!$O:$O,"방문완료") -> 0 | M7: =IF(AND(ISNUMBER(E7),E7>=8),"인정","")
A8: =IF(1<=DAY(DATE(YEAR(설정_코스수당!$K$2),MONTH(설정_코스수당!$K$2)+1,0)),DATE(YEAR(설정_코스수당!$K$2),MONTH(설정_코스수당!$K$2),1),"") -> 46174 | B8: 마사지사2 | E8: =IF(AND(C8<>"",D8<>""),IF(D8<C8,D8+1-C8,D8-C8)*24,"") | F8: =COUNTIFS(실시간콜입력!$B:$B,$A8,실시간콜입력!$E:$E,"A",실시간콜입력!$G:$G,$B8,실시간콜입력!$O:$O,"방문완료")+COUNTIFS(실시간콜입력!$B:$B,$A8,실시간콜입력!$E:$E,"A",실시간콜입력!$H:$H,$B8,실시간콜입력!$O:$O,"방문완료") -> 0 | G8: =COUNTIFS(실시간콜입력!$B:$B,$A8,실시간콜입력!$E:$E,"B",실시간콜입력!$G:$G,$B8,실시간콜입력!$O:$O,"방문완료")+COUNTIFS(실시간콜입력!$B:$B,$A8,실시간콜입력!$E:$E,"B",실시간콜입력!$H:$H,$B8,실시간콜입력!$O:$O,"방문완료") -> 0 | H8: =COUNTIFS(실시간콜입력!$B:$B,$A8,실시간콜입력!$E:$E,"C",실시간콜입력!$G:$G,$B8,실시간콜입력!$O:$O,"방문완료")+COUNTIFS(실시간콜입력!$B:$B,$A8,실시간콜입력!$E:$E,"C",실시간콜입력!$H:$H,$B8,실시간콜입력!$O:$O,"방문완료") -> 0 | I8: =COUNTIFS(실시간콜입력!$B:$B,$A8,실시간콜입력!$E:$E,"D",실시간콜입력!$G:$G,$B8,실시간콜입력!$O:$O,"방문완료")+COUNTIFS(실시간콜입력!$B:$B,$A8,실시간콜입력!$E:$E,"D",실시간콜입력!$H:$H,$B8,실시간콜입력!$O:$O,"방문완료") -> 0 | J8: =COUNTIFS(실시간콜입력!$B:$B,$A8,실시간콜입력!$E:$E,"E",실시간콜입력!$G:$G,$B8,실시간콜입력!$O:$O,"방문완료")+COUNTIFS(실시간콜입력!$B:$B,$A8,실시간콜입력!$E:$E,"E",실시간콜입력!$H:$H,$B8,실시간콜입력!$O:$O,"방문완료") -> 0 | K8: =SUM(F8:J8) -> 0 | L8: =SUMIFS(실시간콜입력!$K:$K,실시간콜입력!$B:$B,$A8,실시간콜입력!$G:$G,$B8,실시간콜입력!$O:$O,"방문완료")+SUMIFS(실시간콜입력!$L:$L,실시간콜입력!$B:$B,$A8,실시간콜입력!$H:$H,$B8,실시간콜입력!$O:$O,"방문완료") -> 0 | M8: =IF(AND(ISNUMBER(E8),E8>=8),"인정","")
A9: =IF(1<=DAY(DATE(YEAR(설정_코스수당!$K$2),MONTH(설정_코스수당!$K$2)+1,0)),DATE(YEAR(설정_코스수당!$K$2),MONTH(설정_코스수당!$K$2),1),"") -> 46174 | B9: 마사지사3 | E9: =IF(AND(C9<>"",D9<>""),IF(D9<C9,D9+1-C9,D9-C9)*24,"") | F9: =COUNTIFS(실시간콜입력!$B:$B,$A9,실시간콜입력!$E:$E,"A",실시간콜입력!$G:$G,$B9,실시간콜입력!$O:$O,"방문완료")+COUNTIFS(실시간콜입력!$B:$B,$A9,실시간콜입력!$E:$E,"A",실시간콜입력!$H:$H,$B9,실시간콜입력!$O:$O,"방문완료") -> 0 | G9: =COUNTIFS(실시간콜입력!$B:$B,$A9,실시간콜입력!$E:$E,"B",실시간콜입력!$G:$G,$B9,실시간콜입력!$O:$O,"방문완료")+COUNTIFS(실시간콜입력!$B:$B,$A9,실시간콜입력!$E:$E,"B",실시간콜입력!$H:$H,$B9,실시간콜입력!$O:$O,"방문완료") -> 0 | H9: =COUNTIFS(실시간콜입력!$B:$B,$A9,실시간콜입력!$E:$E,"C",실시간콜입력!$G:$G,$B9,실시간콜입력!$O:$O,"방문완료")+COUNTIFS(실시간콜입력!$B:$B,$A9,실시간콜입력!$E:$E,"C",실시간콜입력!$H:$H,$B9,실시간콜입력!$O:$O,"방문완료") -> 0 | I9: =COUNTIFS(실시간콜입력!$B:$B,$A9,실시간콜입력!$E:$E,"D",실시간콜입력!$G:$G,$B9,실시간콜입력!$O:$O,"방문완료")+COUNTIFS(실시간콜입력!$B:$B,$A9,실시간콜입력!$E:$E,"D",실시간콜입력!$H:$H,$B9,실시간콜입력!$O:$O,"방문완료") -> 0 | J9: =COUNTIFS(실시간콜입력!$B:$B,$A9,실시간콜입력!$E:$E,"E",실시간콜입력!$G:$G,$B9,실시간콜입력!$O:$O,"방문완료")+COUNTIFS(실시간콜입력!$B:$B,$A9,실시간콜입력!$E:$E,"E",실시간콜입력!$H:$H,$B9,실시간콜입력!$O:$O,"방문완료") -> 0 | K9: =SUM(F9:J9) -> 0 | L9: =SUMIFS(실시간콜입력!$K:$K,실시간콜입력!$B:$B,$A9,실시간콜입력!$G:$G,$B9,실시간콜입력!$O:$O,"방문완료")+SUMIFS(실시간콜입력!$L:$L,실시간콜입력!$B:$B,$A9,실시간콜입력!$H:$H,$B9,실시간콜입력!$O:$O,"방문완료") -> 0 | M9: =IF(AND(ISNUMBER(E9),E9>=8),"인정","")
A10: =IF(1<=DAY(DATE(YEAR(설정_코스수당!$K$2),MONTH(설정_코스수당!$K$2)+1,0)),DATE(YEAR(설정_코스수당!$K$2),MONTH(설정_코스수당!$K$2),1),"") -> 46174 | B10: 마사지사4 | E10: =IF(AND(C10<>"",D10<>""),IF(D10<C10,D10+1-C10,D10-C10)*24,"") | F10: =COUNTIFS(실시간콜입력!$B:$B,$A10,실시간콜입력!$E:$E,"A",실시간콜입력!$G:$G,$B10,실시간콜입력!$O:$O,"방문완료")+COUNTIFS(실시간콜입력!$B:$B,$A10,실시간콜입력!$E:$E,"A",실시간콜입력!$H:$H,$B10,실시간콜입력!$O:$O,"방문완료") -> 0 | G10: =COUNTIFS(실시간콜입력!$B:$B,$A10,실시간콜입력!$E:$E,"B",실시간콜입력!$G:$G,$B10,실시간콜입력!$O:$O,"방문완료")+COUNTIFS(실시간콜입력!$B:$B,$A10,실시간콜입력!$E:$E,"B",실시간콜입력!$H:$H,$B10,실시간콜입력!$O:$O,"방문완료") -> 0 | H10: =COUNTIFS(실시간콜입력!$B:$B,$A10,실시간콜입력!$E:$E,"C",실시간콜입력!$G:$G,$B10,실시간콜입력!$O:$O,"방문완료")+COUNTIFS(실시간콜입력!$B:$B,$A10,실시간콜입력!$E:$E,"C",실시간콜입력!$H:$H,$B10,실시간콜입력!$O:$O,"방문완료") -> 0 | I10: =COUNTIFS(실시간콜입력!$B:$B,$A10,실시간콜입력!$E:$E,"D",실시간콜입력!$G:$G,$B10,실시간콜입력!$O:$O,"방문완료")+COUNTIFS(실시간콜입력!$B:$B,$A10,실시간콜입력!$E:$E,"D",실시간콜입력!$H:$H,$B10,실시간콜입력!$O:$O,"방문완료") -> 0 | J10: =COUNTIFS(실시간콜입력!$B:$B,$A10,실시간콜입력!$E:$E,"E",실시간콜입력!$G:$G,$B10,실시간콜입력!$O:$O,"방문완료")+COUNTIFS(실시간콜입력!$B:$B,$A10,실시간콜입력!$E:$E,"E",실시간콜입력!$H:$H,$B10,실시간콜입력!$O:$O,"방문완료") -> 0 | K10: =SUM(F10:J10) -> 0 | L10: =SUMIFS(실시간콜입력!$K:$K,실시간콜입력!$B:$B,$A10,실시간콜입력!$G:$G,$B10,실시간콜입력!$O:$O,"방문완료")+SUMIFS(실시간콜입력!$L:$L,실시간콜입력!$B:$B,$A10,실시간콜입력!$H:$H,$B10,실시간콜입력!$O:$O,"방문완료") -> 0 | M10: =IF(AND(ISNUMBER(E10),E10>=8),"인정","")
A11: =IF(1<=DAY(DATE(YEAR(설정_코스수당!$K$2),MONTH(설정_코스수당!$K$2)+1,0)),DATE(YEAR(설정_코스수당!$K$2),MONTH(설정_코스수당!$K$2),1),"") -> 46174 | B11: 마사지사5 | E11: =IF(AND(C11<>"",D11<>""),IF(D11<C11,D11+1-C11,D11-C11)*24,"") | F11: =COUNTIFS(실시간콜입력!$B:$B,$A11,실시간콜입력!$E:$E,"A",실시간콜입력!$G:$G,$B11,실시간콜입력!$O:$O,"방문완료")+COUNTIFS(실시간콜입력!$B:$B,$A11,실시간콜입력!$E:$E,"A",실시간콜입력!$H:$H,$B11,실시간콜입력!$O:$O,"방문완료") -> 0 | G11: =COUNTIFS(실시간콜입력!$B:$B,$A11,실시간콜입력!$E:$E,"B",실시간콜입력!$G:$G,$B11,실시간콜입력!$O:$O,"방문완료")+COUNTIFS(실시간콜입력!$B:$B,$A11,실시간콜입력!$E:$E,"B",실시간콜입력!$H:$H,$B11,실시간콜입력!$O:$O,"방문완료") -> 0 | H11: =COUNTIFS(실시간콜입력!$B:$B,$A11,실시간콜입력!$E:$E,"C",실시간콜입력!$G:$G,$B11,실시간콜입력!$O:$O,"방문완료")+COUNTIFS(실시간콜입력!$B:$B,$A11,실시간콜입력!$E:$E,"C",실시간콜입력!$H:$H,$B11,실시간콜입력!$O:$O,"방문완료") -> 0 | I11: =COUNTIFS(실시간콜입력!$B:$B,$A11,실시간콜입력!$E:$E,"D",실시간콜입력!$G:$G,$B11,실시간콜입력!$O:$O,"방문완료")+COUNTIFS(실시간콜입력!$B:$B,$A11,실시간콜입력!$E:$E,"D",실시간콜입력!$H:$H,$B11,실시간콜입력!$O:$O,"방문완료") -> 0 | J11: =COUNTIFS(실시간콜입력!$B:$B,$A11,실시간콜입력!$E:$E,"E",실시간콜입력!$G:$G,$B11,실시간콜입력!$O:$O,"방문완료")+COUNTIFS(실시간콜입력!$B:$B,$A11,실시간콜입력!$E:$E,"E",실시간콜입력!$H:$H,$B11,실시간콜입력!$O:$O,"방문완료") -> 0 | K11: =SUM(F11:J11) -> 0 | L11: =SUMIFS(실시간콜입력!$K:$K,실시간콜입력!$B:$B,$A11,실시간콜입력!$G:$G,$B11,실시간콜입력!$O:$O,"방문완료")+SUMIFS(실시간콜입력!$L:$L,실시간콜입력!$B:$B,$A11,실시간콜입력!$H:$H,$B11,실시간콜입력!$O:$O,"방문완료") -> 0 | M11: =IF(AND(ISNUMBER(E11),E11>=8),"인정","")
A12: =IF(1<=DAY(DATE(YEAR(설정_코스수당!$K$2),MONTH(설정_코스수당!$K$2)+1,0)),DATE(YEAR(설정_코스수당!$K$2),MONTH(설정_코스수당!$K$2),1),"") -> 46174 | B12: 마사지사6 | E12: =IF(AND(C12<>"",D12<>""),IF(D12<C12,D12+1-C12,D12-C12)*24,"") | F12: =COUNTIFS(실시간콜입력!$B:$B,$A12,실시간콜입력!$E:$E,"A",실시간콜입력!$G:$G,$B12,실시간콜입력!$O:$O,"방문완료")+COUNTIFS(실시간콜입력!$B:$B,$A12,실시간콜입력!$E:$E,"A",실시간콜입력!$H:$H,$B12,실시간콜입력!$O:$O,"방문완료") -> 0 | G12: =COUNTIFS(실시간콜입력!$B:$B,$A12,실시간콜입력!$E:$E,"B",실시간콜입력!$G:$G,$B12,실시간콜입력!$O:$O,"방문완료")+COUNTIFS(실시간콜입력!$B:$B,$A12,실시간콜입력!$E:$E,"B",실시간콜입력!$H:$H,$B12,실시간콜입력!$O:$O,"방문완료") -> 0 | H12: =COUNTIFS(실시간콜입력!$B:$B,$A12,실시간콜입력!$E:$E,"C",실시간콜입력!$G:$G,$B12,실시간콜입력!$O:$O,"방문완료")+COUNTIFS(실시간콜입력!$B:$B,$A12,실시간콜입력!$E:$E,"C",실시간콜입력!$H:$H,$B12,실시간콜입력!$O:$O,"방문완료") -> 0 | I12: =COUNTIFS(실시간콜입력!$B:$B,$A12,실시간콜입력!$E:$E,"D",실시간콜입력!$G:$G,$B12,실시간콜입력!$O:$O,"방문완료")+COUNTIFS(실시간콜입력!$B:$B,$A12,실시간콜입력!$E:$E,"D",실시간콜입력!$H:$H,$B12,실시간콜입력!$O:$O,"방문완료") -> 0 | J12: =COUNTIFS(실시간콜입력!$B:$B,$A12,실시간콜입력!$E:$E,"E",실시간콜입력!$G:$G,$B12,실시간콜입력!$O:$O,"방문완료")+COUNTIFS(실시간콜입력!$B:$B,$A12,실시간콜입력!$E:$E,"E",실시간콜입력!$H:$H,$B12,실시간콜입력!$O:$O,"방문완료") -> 0 | K12: =SUM(F12:J12) -> 0 | L12: =SUMIFS(실시간콜입력!$K:$K,실시간콜입력!$B:$B,$A12,실시간콜입력!$G:$G,$B12,실시간콜입력!$O:$O,"방문완료")+SUMIFS(실시간콜입력!$L:$L,실시간콜입력!$B:$B,$A12,실시간콜입력!$H:$H,$B12,실시간콜입력!$O:$O,"방문완료") -> 0 | M12: =IF(AND(ISNUMBER(E12),E12>=8),"인정","")
A13: =IF(1<=DAY(DATE(YEAR(설정_코스수당!$K$2),MONTH(설정_코스수당!$K$2)+1,0)),DATE(YEAR(설정_코스수당!$K$2),MONTH(설정_코스수당!$K$2),1),"") -> 46174 | B13: 마사지사7 | E13: =IF(AND(C13<>"",D13<>""),IF(D13<C13,D13+1-C13,D13-C13)*24,"") | F13: =COUNTIFS(실시간콜입력!$B:$B,$A13,실시간콜입력!$E:$E,"A",실시간콜입력!$G:$G,$B13,실시간콜입력!$O:$O,"방문완료")+COUNTIFS(실시간콜입력!$B:$B,$A13,실시간콜입력!$E:$E,"A",실시간콜입력!$H:$H,$B13,실시간콜입력!$O:$O,"방문완료") -> 0 | G13: =COUNTIFS(실시간콜입력!$B:$B,$A13,실시간콜입력!$E:$E,"B",실시간콜입력!$G:$G,$B13,실시간콜입력!$O:$O,"방문완료")+COUNTIFS(실시간콜입력!$B:$B,$A13,실시간콜입력!$E:$E,"B",실시간콜입력!$H:$H,$B13,실시간콜입력!$O:$O,"방문완료") -> 0 | H13: =COUNTIFS(실시간콜입력!$B:$B,$A13,실시간콜입력!$E:$E,"C",실시간콜입력!$G:$G,$B13,실시간콜입력!$O:$O,"방문완료")+COUNTIFS(실시간콜입력!$B:$B,$A13,실시간콜입력!$E:$E,"C",실시간콜입력!$H:$H,$B13,실시간콜입력!$O:$O,"방문완료") -> 0 | I13: =COUNTIFS(실시간콜입력!$B:$B,$A13,실시간콜입력!$E:$E,"D",실시간콜입력!$G:$G,$B13,실시간콜입력!$O:$O,"방문완료")+COUNTIFS(실시간콜입력!$B:$B,$A13,실시간콜입력!$E:$E,"D",실시간콜입력!$H:$H,$B13,실시간콜입력!$O:$O,"방문완료") -> 0 | J13: =COUNTIFS(실시간콜입력!$B:$B,$A13,실시간콜입력!$E:$E,"E",실시간콜입력!$G:$G,$B13,실시간콜입력!$O:$O,"방문완료")+COUNTIFS(실시간콜입력!$B:$B,$A13,실시간콜입력!$E:$E,"E",실시간콜입력!$H:$H,$B13,실시간콜입력!$O:$O,"방문완료") -> 0 | K13: =SUM(F13:J13) -> 0 | L13: =SUMIFS(실시간콜입력!$K:$K,실시간콜입력!$B:$B,$A13,실시간콜입력!$G:$G,$B13,실시간콜입력!$O:$O,"방문완료")+SUMIFS(실시간콜입력!$L:$L,실시간콜입력!$B:$B,$A13,실시간콜입력!$H:$H,$B13,실시간콜입력!$O:$O,"방문완료") -> 0 | M13: =IF(AND(ISNUMBER(E13),E13>=8),"인정","")
A14: =IF(1<=DAY(DATE(YEAR(설정_코스수당!$K$2),MONTH(설정_코스수당!$K$2)+1,0)),DATE(YEAR(설정_코스수당!$K$2),MONTH(설정_코스수당!$K$2),1),"") -> 46174 | B14: 마사지사8 | E14: =IF(AND(C14<>"",D14<>""),IF(D14<C14,D14+1-C14,D14-C14)*24,"") | F14: =COUNTIFS(실시간콜입력!$B:$B,$A14,실시간콜입력!$E:$E,"A",실시간콜입력!$G:$G,$B14,실시간콜입력!$O:$O,"방문완료")+COUNTIFS(실시간콜입력!$B:$B,$A14,실시간콜입력!$E:$E,"A",실시간콜입력!$H:$H,$B14,실시간콜입력!$O:$O,"방문완료") -> 0 | G14: =COUNTIFS(실시간콜입력!$B:$B,$A14,실시간콜입력!$E:$E,"B",실시간콜입력!$G:$G,$B14,실시간콜입력!$O:$O,"방문완료")+COUNTIFS(실시간콜입력!$B:$B,$A14,실시간콜입력!$E:$E,"B",실시간콜입력!$H:$H,$B14,실시간콜입력!$O:$O,"방문완료") -> 0 | H14: =COUNTIFS(실시간콜입력!$B:$B,$A14,실시간콜입력!$E:$E,"C",실시간콜입력!$G:$G,$B14,실시간콜입력!$O:$O,"방문완료")+COUNTIFS(실시간콜입력!$B:$B,$A14,실시간콜입력!$E:$E,"C",실시간콜입력!$H:$H,$B14,실시간콜입력!$O:$O,"방문완료") -> 0 | I14: =COUNTIFS(실시간콜입력!$B:$B,$A14,실시간콜입력!$E:$E,"D",실시간콜입력!$G:$G,$B14,실시간콜입력!$O:$O,"방문완료")+COUNTIFS(실시간콜입력!$B:$B,$A14,실시간콜입력!$E:$E,"D",실시간콜입력!$H:$H,$B14,실시간콜입력!$O:$O,"방문완료") -> 0 | J14: =COUNTIFS(실시간콜입력!$B:$B,$A14,실시간콜입력!$E:$E,"E",실시간콜입력!$G:$G,$B14,실시간콜입력!$O:$O,"방문완료")+COUNTIFS(실시간콜입력!$B:$B,$A14,실시간콜입력!$E:$E,"E",실시간콜입력!$H:$H,$B14,실시간콜입력!$O:$O,"방문완료") -> 0 | K14: =SUM(F14:J14) -> 0 | L14: =SUMIFS(실시간콜입력!$K:$K,실시간콜입력!$B:$B,$A14,실시간콜입력!$G:$G,$B14,실시간콜입력!$O:$O,"방문완료")+SUMIFS(실시간콜입력!$L:$L,실시간콜입력!$B:$B,$A14,실시간콜입력!$H:$H,$B14,실시간콜입력!$O:$O,"방문완료") -> 0 | M14: =IF(AND(ISNUMBER(E14),E14>=8),"인정","")
A15: =IF(1<=DAY(DATE(YEAR(설정_코스수당!$K$2),MONTH(설정_코스수당!$K$2)+1,0)),DATE(YEAR(설정_코스수당!$K$2),MONTH(설정_코스수당!$K$2),1),"") -> 46174 | B15: 마사지사9 | E15: =IF(AND(C15<>"",D15<>""),IF(D15<C15,D15+1-C15,D15-C15)*24,"") | F15: =COUNTIFS(실시간콜입력!$B:$B,$A15,실시간콜입력!$E:$E,"A",실시간콜입력!$G:$G,$B15,실시간콜입력!$O:$O,"방문완료")+COUNTIFS(실시간콜입력!$B:$B,$A15,실시간콜입력!$E:$E,"A",실시간콜입력!$H:$H,$B15,실시간콜입력!$O:$O,"방문완료") -> 0 | G15: =COUNTIFS(실시간콜입력!$B:$B,$A15,실시간콜입력!$E:$E,"B",실시간콜입력!$G:$G,$B15,실시간콜입력!$O:$O,"방문완료")+COUNTIFS(실시간콜입력!$B:$B,$A15,실시간콜입력!$E:$E,"B",실시간콜입력!$H:$H,$B15,실시간콜입력!$O:$O,"방문완료") -> 0 | H15: =COUNTIFS(실시간콜입력!$B:$B,$A15,실시간콜입력!$E:$E,"C",실시간콜입력!$G:$G,$B15,실시간콜입력!$O:$O,"방문완료")+COUNTIFS(실시간콜입력!$B:$B,$A15,실시간콜입력!$E:$E,"C",실시간콜입력!$H:$H,$B15,실시간콜입력!$O:$O,"방문완료") -> 0 | I15: =COUNTIFS(실시간콜입력!$B:$B,$A15,실시간콜입력!$E:$E,"D",실시간콜입력!$G:$G,$B15,실시간콜입력!$O:$O,"방문완료")+COUNTIFS(실시간콜입력!$B:$B,$A15,실시간콜입력!$E:$E,"D",실시간콜입력!$H:$H,$B15,실시간콜입력!$O:$O,"방문완료") -> 0 | J15: =COUNTIFS(실시간콜입력!$B:$B,$A15,실시간콜입력!$E:$E,"E",실시간콜입력!$G:$G,$B15,실시간콜입력!$O:$O,"방문완료")+COUNTIFS(실시간콜입력!$B:$B,$A15,실시간콜입력!$E:$E,"E",실시간콜입력!$H:$H,$B15,실시간콜입력!$O:$O,"방문완료") -> 0 | K15: =SUM(F15:J15) -> 0 | L15: =SUMIFS(실시간콜입력!$K:$K,실시간콜입력!$B:$B,$A15,실시간콜입력!$G:$G,$B15,실시간콜입력!$O:$O,"방문완료")+SUMIFS(실시간콜입력!$L:$L,실시간콜입력!$B:$B,$A15,실시간콜입력!$H:$H,$B15,실시간콜입력!$O:$O,"방문완료") -> 0 | M15: =IF(AND(ISNUMBER(E15),E15>=8),"인정","")
A16: =IF(1<=DAY(DATE(YEAR(설정_코스수당!$K$2),MONTH(설정_코스수당!$K$2)+1,0)),DATE(YEAR(설정_코스수당!$K$2),MONTH(설정_코스수당!$K$2),1),"") -> 46174 | B16: 마사지사10 | E16: =IF(AND(C16<>"",D16<>""),IF(D16<C16,D16+1-C16,D16-C16)*24,"") | F16: =COUNTIFS(실시간콜입력!$B:$B,$A16,실시간콜입력!$E:$E,"A",실시간콜입력!$G:$G,$B16,실시간콜입력!$O:$O,"방문완료")+COUNTIFS(실시간콜입력!$B:$B,$A16,실시간콜입력!$E:$E,"A",실시간콜입력!$H:$H,$B16,실시간콜입력!$O:$O,"방문완료") -> 0 | G16: =COUNTIFS(실시간콜입력!$B:$B,$A16,실시간콜입력!$E:$E,"B",실시간콜입력!$G:$G,$B16,실시간콜입력!$O:$O,"방문완료")+COUNTIFS(실시간콜입력!$B:$B,$A16,실시간콜입력!$E:$E,"B",실시간콜입력!$H:$H,$B16,실시간콜입력!$O:$O,"방문완료") -> 0 | H16: =COUNTIFS(실시간콜입력!$B:$B,$A16,실시간콜입력!$E:$E,"C",실시간콜입력!$G:$G,$B16,실시간콜입력!$O:$O,"방문완료")+COUNTIFS(실시간콜입력!$B:$B,$A16,실시간콜입력!$E:$E,"C",실시간콜입력!$H:$H,$B16,실시간콜입력!$O:$O,"방문완료") -> 0 | I16: =COUNTIFS(실시간콜입력!$B:$B,$A16,실시간콜입력!$E:$E,"D",실시간콜입력!$G:$G,$B16,실시간콜입력!$O:$O,"방문완료")+COUNTIFS(실시간콜입력!$B:$B,$A16,실시간콜입력!$E:$E,"D",실시간콜입력!$H:$H,$B16,실시간콜입력!$O:$O,"방문완료") -> 0 | J16: =COUNTIFS(실시간콜입력!$B:$B,$A16,실시간콜입력!$E:$E,"E",실시간콜입력!$G:$G,$B16,실시간콜입력!$O:$O,"방문완료")+COUNTIFS(실시간콜입력!$B:$B,$A16,실시간콜입력!$E:$E,"E",실시간콜입력!$H:$H,$B16,실시간콜입력!$O:$O,"방문완료") -> 0 | K16: =SUM(F16:J16) -> 0 | L16: =SUMIFS(실시간콜입력!$K:$K,실시간콜입력!$B:$B,$A16,실시간콜입력!$G:$G,$B16,실시간콜입력!$O:$O,"방문완료")+SUMIFS(실시간콜입력!$L:$L,실시간콜입력!$B:$B,$A16,실시간콜입력!$H:$H,$B16,실시간콜입력!$O:$O,"방문완료") -> 0 | M16: =IF(AND(ISNUMBER(E16),E16>=8),"인정","")
A17: =IF(1<=DAY(DATE(YEAR(설정_코스수당!$K$2),MONTH(설정_코스수당!$K$2)+1,0)),DATE(YEAR(설정_코스수당!$K$2),MONTH(설정_코스수당!$K$2),1),"") -> 46174 | B17: 마사지사11 | E17: =IF(AND(C17<>"",D17<>""),IF(D17<C17,D17+1-C17,D17-C17)*24,"") | F17: =COUNTIFS(실시간콜입력!$B:$B,$A17,실시간콜입력!$E:$E,"A",실시간콜입력!$G:$G,$B17,실시간콜입력!$O:$O,"방문완료")+COUNTIFS(실시간콜입력!$B:$B,$A17,실시간콜입력!$E:$E,"A",실시간콜입력!$H:$H,$B17,실시간콜입력!$O:$O,"방문완료") -> 0 | G17: =COUNTIFS(실시간콜입력!$B:$B,$A17,실시간콜입력!$E:$E,"B",실시간콜입력!$G:$G,$B17,실시간콜입력!$O:$O,"방문완료")+COUNTIFS(실시간콜입력!$B:$B,$A17,실시간콜입력!$E:$E,"B",실시간콜입력!$H:$H,$B17,실시간콜입력!$O:$O,"방문완료") -> 0 | H17: =COUNTIFS(실시간콜입력!$B:$B,$A17,실시간콜입력!$E:$E,"C",실시간콜입력!$G:$G,$B17,실시간콜입력!$O:$O,"방문완료")+COUNTIFS(실시간콜입력!$B:$B,$A17,실시간콜입력!$E:$E,"C",실시간콜입력!$H:$H,$B17,실시간콜입력!$O:$O,"방문완료") -> 0 | I17: =COUNTIFS(실시간콜입력!$B:$B,$A17,실시간콜입력!$E:$E,"D",실시간콜입력!$G:$G,$B17,실시간콜입력!$O:$O,"방문완료")+COUNTIFS(실시간콜입력!$B:$B,$A17,실시간콜입력!$E:$E,"D",실시간콜입력!$H:$H,$B17,실시간콜입력!$O:$O,"방문완료") -> 0 | J17: =COUNTIFS(실시간콜입력!$B:$B,$A17,실시간콜입력!$E:$E,"E",실시간콜입력!$G:$G,$B17,실시간콜입력!$O:$O,"방문완료")+COUNTIFS(실시간콜입력!$B:$B,$A17,실시간콜입력!$E:$E,"E",실시간콜입력!$H:$H,$B17,실시간콜입력!$O:$O,"방문완료") -> 0 | K17: =SUM(F17:J17) -> 0 | L17: =SUMIFS(실시간콜입력!$K:$K,실시간콜입력!$B:$B,$A17,실시간콜입력!$G:$G,$B17,실시간콜입력!$O:$O,"방문완료")+SUMIFS(실시간콜입력!$L:$L,실시간콜입력!$B:$B,$A17,실시간콜입력!$H:$H,$B17,실시간콜입력!$O:$O,"방문완료") -> 0 | M17: =IF(AND(ISNUMBER(E17),E17>=8),"인정","")
A18: =IF(1<=DAY(DATE(YEAR(설정_코스수당!$K$2),MONTH(설정_코스수당!$K$2)+1,0)),DATE(YEAR(설정_코스수당!$K$2),MONTH(설정_코스수당!$K$2),1),"") -> 46174 | B18: 마사지사12 | E18: =IF(AND(C18<>"",D18<>""),IF(D18<C18,D18+1-C18,D18-C18)*24,"") | F18: =COUNTIFS(실시간콜입력!$B:$B,$A18,실시간콜입력!$E:$E,"A",실시간콜입력!$G:$G,$B18,실시간콜입력!$O:$O,"방문완료")+COUNTIFS(실시간콜입력!$B:$B,$A18,실시간콜입력!$E:$E,"A",실시간콜입력!$H:$H,$B18,실시간콜입력!$O:$O,"방문완료") -> 0 | G18: =COUNTIFS(실시간콜입력!$B:$B,$A18,실시간콜입력!$E:$E,"B",실시간콜입력!$G:$G,$B18,실시간콜입력!$O:$O,"방문완료")+COUNTIFS(실시간콜입력!$B:$B,$A18,실시간콜입력!$E:$E,"B",실시간콜입력!$H:$H,$B18,실시간콜입력!$O:$O,"방문완료") -> 0 | H18: =COUNTIFS(실시간콜입력!$B:$B,$A18,실시간콜입력!$E:$E,"C",실시간콜입력!$G:$G,$B18,실시간콜입력!$O:$O,"방문완료")+COUNTIFS(실시간콜입력!$B:$B,$A18,실시간콜입력!$E:$E,"C",실시간콜입력!$H:$H,$B18,실시간콜입력!$O:$O,"방문완료") -> 0 | I18: =COUNTIFS(실시간콜입력!$B:$B,$A18,실시간콜입력!$E:$E,"D",실시간콜입력!$G:$G,$B18,실시간콜입력!$O:$O,"방문완료")+COUNTIFS(실시간콜입력!$B:$B,$A18,실시간콜입력!$E:$E,"D",실시간콜입력!$H:$H,$B18,실시간콜입력!$O:$O,"방문완료") -> 0 | J18: =COUNTIFS(실시간콜입력!$B:$B,$A18,실시간콜입력!$E:$E,"E",실시간콜입력!$G:$G,$B18,실시간콜입력!$O:$O,"방문완료")+COUNTIFS(실시간콜입력!$B:$B,$A18,실시간콜입력!$E:$E,"E",실시간콜입력!$H:$H,$B18,실시간콜입력!$O:$O,"방문완료") -> 0 | K18: =SUM(F18:J18) -> 0 | L18: =SUMIFS(실시간콜입력!$K:$K,실시간콜입력!$B:$B,$A18,실시간콜입력!$G:$G,$B18,실시간콜입력!$O:$O,"방문완료")+SUMIFS(실시간콜입력!$L:$L,실시간콜입력!$B:$B,$A18,실시간콜입력!$H:$H,$B18,실시간콜입력!$O:$O,"방문완료") -> 0 | M18: =IF(AND(ISNUMBER(E18),E18>=8),"인정","")
... A56: =IF(1<=DAY(DATE(YEAR(설정_코스수당!$K$2),MONTH(설정_코스수당!$K$2)+1,0)),DATE(YEAR(설정_코스수당!$K$2),MONTH(설정_코스수당!$K$2),1),"") -> 46174 | B56: 마사지사50 | E56: =IF(AND(C56<>"",D56<>""),IF(D56<C56,D56+1-C56,D56-C56)*24,"") | F56: =COUNTIFS(실시간콜입력!$B:$B,$A56,실시간콜입력!$E:$E,"A",실시간콜입력!$G:$G,$B56,실시간콜입력!$O:$O,"방문완료")+COUNTIFS(실시간콜입력!$B:$B,$A56,실시간콜입력!$E:$E,"A",실시간콜입력!$H:$H,$B56,실시간콜입력!$O:$O,"방문완료") -> 0 | G56: =COUNTIFS(실시간콜입력!$B:$B,$A56,실시간콜입력!$E:$E,"B",실시간콜입력!$G:$G,$B56,실시간콜입력!$O:$O,"방문완료")+COUNTIFS(실시간콜입력!$B:$B,$A56,실시간콜입력!$E:$E,"B",실시간콜입력!$H:$H,$B56,실시간콜입력!$O:$O,"방문완료") -> 0 | H56: =COUNTIFS(실시간콜입력!$B:$B,$A56,실시간콜입력!$E:$E,"C",실시간콜입력!$G:$G,$B56,실시간콜입력!$O:$O,"방문완료")+COUNTIFS(실시간콜입력!$B:$B,$A56,실시간콜입력!$E:$E,"C",실시간콜입력!$H:$H,$B56,실시간콜입력!$O:$O,"방문완료") -> 0 | I56: =COUNTIFS(실시간콜입력!$B:$B,$A56,실시간콜입력!$E:$E,"D",실시간콜입력!$G:$G,$B56,실시간콜입력!$O:$O,"방문완료")+COUNTIFS(실시간콜입력!$B:$B,$A56,실시간콜입력!$E:$E,"D",실시간콜입력!$H:$H,$B56,실시간콜입력!$O:$O,"방문완료") -> 0 | J56: =COUNTIFS(실시간콜입력!$B:$B,$A56,실시간콜입력!$E:$E,"E",실시간콜입력!$G:$G,$B56,실시간콜입력!$O:$O,"방문완료")+COUNTIFS(실시간콜입력!$B:$B,$A56,실시간콜입력!$E:$E,"E",실시간콜입력!$H:$H,$B56,실시간콜입력!$O:$O,"방문완료") -> 0 | K56: =SUM(F56:J56) -> 0 | L56: =SUMIFS(실시간콜입력!$K:$K,실시간콜입력!$B:$B,$A56,실시간콜입력!$G:$G,$B56,실시간콜입력!$O:$O,"방문완료")+SUMIFS(실시간콜입력!$L:$L,실시간콜입력!$B:$B,$A56,실시간콜입력!$H:$H,$B56,실시간콜입력!$O:$O,"방문완료") -> 0 | M56: =IF(AND(ISNUMBER(E56),E56>=8),"인정","")
A57: =IF(2<=DAY(DATE(YEAR(설정_코스수당!$K$2),MONTH(설정_코스수당!$K$2)+1,0)),DATE(YEAR(설정_코스수당!$K$2),MONTH(설정_코스수당!$K$2),2),"") -> 46175 | B57: =IF(A57="","","출근 "&COUNTIF(C59:C108,"<>")&"명") -> 출근 0명 | C57: =IF(A57="","","만근 "&COUNTIF(M59:M108,"인정")&"명") -> 만근 0명 | D57: =IFERROR("평균 "&TEXT(AVERAGEIF(E59:E108,">0",E59:E108),"0.0")&"h","평균 -") -> 평균 - | E57: - | F57: =SUM(F59:F108) -> 0 | G57: =SUM(G59:G108) -> 0 | H57: =SUM(H59:H108) -> 0 | I57: =SUM(I59:I108) -> 0 | J57: =SUM(J59:J108) -> 0 | K57: =SUM(K59:K108) -> 0 | L57: =SUM(L59:L108) -> 0 | M57: =COUNTIF(M59:M108,"인정") -> 0 | N57: 일별 합계
A58: 날짜 | B58: 마사지사 | C58: 출근시간 | D58: 퇴근시간 | E58: 대기시간 | F58: A콜 | G58: B콜 | H58: C콜 | I58: D콜 | J58: E콜 | K58: 총콜 | L58: 당일정산 | M58: 만근인정 | N58: 메모
A59: =IF(2<=DAY(DATE(YEAR(설정_코스수당!$K$2),MONTH(설정_코스수당!$K$2)+1,0)),DATE(YEAR(설정_코스수당!$K$2),MONTH(설정_코스수당!$K$2),2),"") -> 46175 | B59: 마사지사1 | E59: =IF(AND(C59<>"",D59<>""),IF(D59<C59,D59+1-C59,D59-C59)*24,"") | F59: =COUNTIFS(실시간콜입력!$B:$B,$A59,실시간콜입력!$E:$E,"A",실시간콜입력!$G:$G,$B59,실시간콜입력!$O:$O,"방문완료")+COUNTIFS(실시간콜입력!$B:$B,$A59,실시간콜입력!$E:$E,"A",실시간콜입력!$H:$H,$B59,실시간콜입력!$O:$O,"방문완료") -> 0 | G59: =COUNTIFS(실시간콜입력!$B:$B,$A59,실시간콜입력!$E:$E,"B",실시간콜입력!$G:$G,$B59,실시간콜입력!$O:$O,"방문완료")+COUNTIFS(실시간콜입력!$B:$B,$A59,실시간콜입력!$E:$E,"B",실시간콜입력!$H:$H,$B59,실시간콜입력!$O:$O,"방문완료") -> 0 | H59: =COUNTIFS(실시간콜입력!$B:$B,$A59,실시간콜입력!$E:$E,"C",실시간콜입력!$G:$G,$B59,실시간콜입력!$O:$O,"방문완료")+COUNTIFS(실시간콜입력!$B:$B,$A59,실시간콜입력!$E:$E,"C",실시간콜입력!$H:$H,$B59,실시간콜입력!$O:$O,"방문완료") -> 0 | I59: =COUNTIFS(실시간콜입력!$B:$B,$A59,실시간콜입력!$E:$E,"D",실시간콜입력!$G:$G,$B59,실시간콜입력!$O:$O,"방문완료")+COUNTIFS(실시간콜입력!$B:$B,$A59,실시간콜입력!$E:$E,"D",실시간콜입력!$H:$H,$B59,실시간콜입력!$O:$O,"방문완료") -> 0 | J59: =COUNTIFS(실시간콜입력!$B:$B,$A59,실시간콜입력!$E:$E,"E",실시간콜입력!$G:$G,$B59,실시간콜입력!$O:$O,"방문완료")+COUNTIFS(실시간콜입력!$B:$B,$A59,실시간콜입력!$E:$E,"E",실시간콜입력!$H:$H,$B59,실시간콜입력!$O:$O,"방문완료") -> 0 | K59: =SUM(F59:J59) -> 0 | L59: =SUMIFS(실시간콜입력!$K:$K,실시간콜입력!$B:$B,$A59,실시간콜입력!$G:$G,$B59,실시간콜입력!$O:$O,"방문완료")+SUMIFS(실시간콜입력!$L:$L,실시간콜입력!$B:$B,$A59,실시간콜입력!$H:$H,$B59,실시간콜입력!$O:$O,"방문완료") -> 0 | M59: =IF(AND(ISNUMBER(E59),E59>=8),"인정","")
A60: =IF(2<=DAY(DATE(YEAR(설정_코스수당!$K$2),MONTH(설정_코스수당!$K$2)+1,0)),DATE(YEAR(설정_코스수당!$K$2),MONTH(설정_코스수당!$K$2),2),"") -> 46175 | B60: 마사지사2 | E60: =IF(AND(C60<>"",D60<>""),IF(D60<C60,D60+1-C60,D60-C60)*24,"") | F60: =COUNTIFS(실시간콜입력!$B:$B,$A60,실시간콜입력!$E:$E,"A",실시간콜입력!$G:$G,$B60,실시간콜입력!$O:$O,"방문완료")+COUNTIFS(실시간콜입력!$B:$B,$A60,실시간콜입력!$E:$E,"A",실시간콜입력!$H:$H,$B60,실시간콜입력!$O:$O,"방문완료") -> 0 | G60: =COUNTIFS(실시간콜입력!$B:$B,$A60,실시간콜입력!$E:$E,"B",실시간콜입력!$G:$G,$B60,실시간콜입력!$O:$O,"방문완료")+COUNTIFS(실시간콜입력!$B:$B,$A60,실시간콜입력!$E:$E,"B",실시간콜입력!$H:$H,$B60,실시간콜입력!$O:$O,"방문완료") -> 0 | H60: =COUNTIFS(실시간콜입력!$B:$B,$A60,실시간콜입력!$E:$E,"C",실시간콜입력!$G:$G,$B60,실시간콜입력!$O:$O,"방문완료")+COUNTIFS(실시간콜입력!$B:$B,$A60,실시간콜입력!$E:$E,"C",실시간콜입력!$H:$H,$B60,실시간콜입력!$O:$O,"방문완료") -> 0 | I60: =COUNTIFS(실시간콜입력!$B:$B,$A60,실시간콜입력!$E:$E,"D",실시간콜입력!$G:$G,$B60,실시간콜입력!$O:$O,"방문완료")+COUNTIFS(실시간콜입력!$B:$B,$A60,실시간콜입력!$E:$E,"D",실시간콜입력!$H:$H,$B60,실시간콜입력!$O:$O,"방문완료") -> 0 | J60: =COUNTIFS(실시간콜입력!$B:$B,$A60,실시간콜입력!$E:$E,"E",실시간콜입력!$G:$G,$B60,실시간콜입력!$O:$O,"방문완료")+COUNTIFS(실시간콜입력!$B:$B,$A60,실시간콜입력!$E:$E,"E",실시간콜입력!$H:$H,$B60,실시간콜입력!$O:$O,"방문완료") -> 0 | K60: =SUM(F60:J60) -> 0 | L60: =SUMIFS(실시간콜입력!$K:$K,실시간콜입력!$B:$B,$A60,실시간콜입력!$G:$G,$B60,실시간콜입력!$O:$O,"방문완료")+SUMIFS(실시간콜입력!$L:$L,실시간콜입력!$B:$B,$A60,실시간콜입력!$H:$H,$B60,실시간콜입력!$O:$O,"방문완료") -> 0 | M60: =IF(AND(ISNUMBER(E60),E60>=8),"인정","")
A61: =IF(2<=DAY(DATE(YEAR(설정_코스수당!$K$2),MONTH(설정_코스수당!$K$2)+1,0)),DATE(YEAR(설정_코스수당!$K$2),MONTH(설정_코스수당!$K$2),2),"") -> 46175 | B61: 마사지사3 | E61: =IF(AND(C61<>"",D61<>""),IF(D61<C61,D61+1-C61,D61-C61)*24,"") | F61: =COUNTIFS(실시간콜입력!$B:$B,$A61,실시간콜입력!$E:$E,"A",실시간콜입력!$G:$G,$B61,실시간콜입력!$O:$O,"방문완료")+COUNTIFS(실시간콜입력!$B:$B,$A61,실시간콜입력!$E:$E,"A",실시간콜입력!$H:$H,$B61,실시간콜입력!$O:$O,"방문완료") -> 0 | G61: =COUNTIFS(실시간콜입력!$B:$B,$A61,실시간콜입력!$E:$E,"B",실시간콜입력!$G:$G,$B61,실시간콜입력!$O:$O,"방문완료")+COUNTIFS(실시간콜입력!$B:$B,$A61,실시간콜입력!$E:$E,"B",실시간콜입력!$H:$H,$B61,실시간콜입력!$O:$O,"방문완료") -> 0 | H61: =COUNTIFS(실시간콜입력!$B:$B,$A61,실시간콜입력!$E:$E,"C",실시간콜입력!$G:$G,$B61,실시간콜입력!$O:$O,"방문완료")+COUNTIFS(실시간콜입력!$B:$B,$A61,실시간콜입력!$E:$E,"C",실시간콜입력!$H:$H,$B61,실시간콜입력!$O:$O,"방문완료") -> 0 | I61: =COUNTIFS(실시간콜입력!$B:$B,$A61,실시간콜입력!$E:$E,"D",실시간콜입력!$G:$G,$B61,실시간콜입력!$O:$O,"방문완료")+COUNTIFS(실시간콜입력!$B:$B,$A61,실시간콜입력!$E:$E,"D",실시간콜입력!$H:$H,$B61,실시간콜입력!$O:$O,"방문완료") -> 0 | J61: =COUNTIFS(실시간콜입력!$B:$B,$A61,실시간콜입력!$E:$E,"E",실시간콜입력!$G:$G,$B61,실시간콜입력!$O:$O,"방문완료")+COUNTIFS(실시간콜입력!$B:$B,$A61,실시간콜입력!$E:$E,"E",실시간콜입력!$H:$H,$B61,실시간콜입력!$O:$O,"방문완료") -> 0 | K61: =SUM(F61:J61) -> 0 | L61: =SUMIFS(실시간콜입력!$K:$K,실시간콜입력!$B:$B,$A61,실시간콜입력!$G:$G,$B61,실시간콜입력!$O:$O,"방문완료")+SUMIFS(실시간콜입력!$L:$L,실시간콜입력!$B:$B,$A61,실시간콜입력!$H:$H,$B61,실시간콜입력!$O:$O,"방문완료") -> 0 | M61: =IF(AND(ISNUMBER(E61),E61>=8),"인정","")
A62: =IF(2<=DAY(DATE(YEAR(설정_코스수당!$K$2),MONTH(설정_코스수당!$K$2)+1,0)),DATE(YEAR(설정_코스수당!$K$2),MONTH(설정_코스수당!$K$2),2),"") -> 46175 | B62: 마사지사4 | E62: =IF(AND(C62<>"",D62<>""),IF(D62<C62,D62+1-C62,D62-C62)*24,"") | F62: =COUNTIFS(실시간콜입력!$B:$B,$A62,실시간콜입력!$E:$E,"A",실시간콜입력!$G:$G,$B62,실시간콜입력!$O:$O,"방문완료")+COUNTIFS(실시간콜입력!$B:$B,$A62,실시간콜입력!$E:$E,"A",실시간콜입력!$H:$H,$B62,실시간콜입력!$O:$O,"방문완료") -> 0 | G62: =COUNTIFS(실시간콜입력!$B:$B,$A62,실시간콜입력!$E:$E,"B",실시간콜입력!$G:$G,$B62,실시간콜입력!$O:$O,"방문완료")+COUNTIFS(실시간콜입력!$B:$B,$A62,실시간콜입력!$E:$E,"B",실시간콜입력!$H:$H,$B62,실시간콜입력!$O:$O,"방문완료") -> 0 | H62: =COUNTIFS(실시간콜입력!$B:$B,$A62,실시간콜입력!$E:$E,"C",실시간콜입력!$G:$G,$B62,실시간콜입력!$O:$O,"방문완료")+COUNTIFS(실시간콜입력!$B:$B,$A62,실시간콜입력!$E:$E,"C",실시간콜입력!$H:$H,$B62,실시간콜입력!$O:$O,"방문완료") -> 0 | I62: =COUNTIFS(실시간콜입력!$B:$B,$A62,실시간콜입력!$E:$E,"D",실시간콜입력!$G:$G,$B62,실시간콜입력!$O:$O,"방문완료")+COUNTIFS(실시간콜입력!$B:$B,$A62,실시간콜입력!$E:$E,"D",실시간콜입력!$H:$H,$B62,실시간콜입력!$O:$O,"방문완료") -> 0 | J62: =COUNTIFS(실시간콜입력!$B:$B,$A62,실시간콜입력!$E:$E,"E",실시간콜입력!$G:$G,$B62,실시간콜입력!$O:$O,"방문완료")+COUNTIFS(실시간콜입력!$B:$B,$A62,실시간콜입력!$E:$E,"E",실시간콜입력!$H:$H,$B62,실시간콜입력!$O:$O,"방문완료") -> 0 | K62: =SUM(F62:J62) -> 0 | L62: =SUMIFS(실시간콜입력!$K:$K,실시간콜입력!$B:$B,$A62,실시간콜입력!$G:$G,$B62,실시간콜입력!$O:$O,"방문완료")+SUMIFS(실시간콜입력!$L:$L,실시간콜입력!$B:$B,$A62,실시간콜입력!$H:$H,$B62,실시간콜입력!$O:$O,"방문완료") -> 0 | M62: =IF(AND(ISNUMBER(E62),E62>=8),"인정","")
A63: =IF(2<=DAY(DATE(YEAR(설정_코스수당!$K$2),MONTH(설정_코스수당!$K$2)+1,0)),DATE(YEAR(설정_코스수당!$K$2),MONTH(설정_코스수당!$K$2),2),"") -> 46175 | B63: 마사지사5 | E63: =IF(AND(C63<>"",D63<>""),IF(D63<C63,D63+1-C63,D63-C63)*24,"") | F63: =COUNTIFS(실시간콜입력!$B:$B,$A63,실시간콜입력!$E:$E,"A",실시간콜입력!$G:$G,$B63,실시간콜입력!$O:$O,"방문완료")+COUNTIFS(실시간콜입력!$B:$B,$A63,실시간콜입력!$E:$E,"A",실시간콜입력!$H:$H,$B63,실시간콜입력!$O:$O,"방문완료") -> 0 | G63: =COUNTIFS(실시간콜입력!$B:$B,$A63,실시간콜입력!$E:$E,"B",실시간콜입력!$G:$G,$B63,실시간콜입력!$O:$O,"방문완료")+COUNTIFS(실시간콜입력!$B:$B,$A63,실시간콜입력!$E:$E,"B",실시간콜입력!$H:$H,$B63,실시간콜입력!$O:$O,"방문완료") -> 0 | H63: =COUNTIFS(실시간콜입력!$B:$B,$A63,실시간콜입력!$E:$E,"C",실시간콜입력!$G:$G,$B63,실시간콜입력!$O:$O,"방문완료")+COUNTIFS(실시간콜입력!$B:$B,$A63,실시간콜입력!$E:$E,"C",실시간콜입력!$H:$H,$B63,실시간콜입력!$O:$O,"방문완료") -> 0 | I63: =COUNTIFS(실시간콜입력!$B:$B,$A63,실시간콜입력!$E:$E,"D",실시간콜입력!$G:$G,$B63,실시간콜입력!$O:$O,"방문완료")+COUNTIFS(실시간콜입력!$B:$B,$A63,실시간콜입력!$E:$E,"D",실시간콜입력!$H:$H,$B63,실시간콜입력!$O:$O,"방문완료") -> 0 | J63: =COUNTIFS(실시간콜입력!$B:$B,$A63,실시간콜입력!$E:$E,"E",실시간콜입력!$G:$G,$B63,실시간콜입력!$O:$O,"방문완료")+COUNTIFS(실시간콜입력!$B:$B,$A63,실시간콜입력!$E:$E,"E",실시간콜입력!$H:$H,$B63,실시간콜입력!$O:$O,"방문완료") -> 0 | K63: =SUM(F63:J63) -> 0 | L63: =SUMIFS(실시간콜입력!$K:$K,실시간콜입력!$B:$B,$A63,실시간콜입력!$G:$G,$B63,실시간콜입력!$O:$O,"방문완료")+SUMIFS(실시간콜입력!$L:$L,실시간콜입력!$B:$B,$A63,실시간콜입력!$H:$H,$B63,실시간콜입력!$O:$O,"방문완료") -> 0 | M63: =IF(AND(ISNUMBER(E63),E63>=8),"인정","")
A64: =IF(2<=DAY(DATE(YEAR(설정_코스수당!$K$2),MONTH(설정_코스수당!$K$2)+1,0)),DATE(YEAR(설정_코스수당!$K$2),MONTH(설정_코스수당!$K$2),2),"") -> 46175 | B64: 마사지사6 | E64: =IF(AND(C64<>"",D64<>""),IF(D64<C64,D64+1-C64,D64-C64)*24,"") | F64: =COUNTIFS(실시간콜입력!$B:$B,$A64,실시간콜입력!$E:$E,"A",실시간콜입력!$G:$G,$B64,실시간콜입력!$O:$O,"방문완료")+COUNTIFS(실시간콜입력!$B:$B,$A64,실시간콜입력!$E:$E,"A",실시간콜입력!$H:$H,$B64,실시간콜입력!$O:$O,"방문완료") -> 0 | G64: =COUNTIFS(실시간콜입력!$B:$B,$A64,실시간콜입력!$E:$E,"B",실시간콜입력!$G:$G,$B64,실시간콜입력!$O:$O,"방문완료")+COUNTIFS(실시간콜입력!$B:$B,$A64,실시간콜입력!$E:$E,"B",실시간콜입력!$H:$H,$B64,실시간콜입력!$O:$O,"방문완료") -> 0 | H64: =COUNTIFS(실시간콜입력!$B:$B,$A64,실시간콜입력!$E:$E,"C",실시간콜입력!$G:$G,$B64,실시간콜입력!$O:$O,"방문완료")+COUNTIFS(실시간콜입력!$B:$B,$A64,실시간콜입력!$E:$E,"C",실시간콜입력!$H:$H,$B64,실시간콜입력!$O:$O,"방문완료") -> 0 | I64: =COUNTIFS(실시간콜입력!$B:$B,$A64,실시간콜입력!$E:$E,"D",실시간콜입력!$G:$G,$B64,실시간콜입력!$O:$O,"방문완료")+COUNTIFS(실시간콜입력!$B:$B,$A64,실시간콜입력!$E:$E,"D",실시간콜입력!$H:$H,$B64,실시간콜입력!$O:$O,"방문완료") -> 0 | J64: =COUNTIFS(실시간콜입력!$B:$B,$A64,실시간콜입력!$E:$E,"E",실시간콜입력!$G:$G,$B64,실시간콜입력!$O:$O,"방문완료")+COUNTIFS(실시간콜입력!$B:$B,$A64,실시간콜입력!$E:$E,"E",실시간콜입력!$H:$H,$B64,실시간콜입력!$O:$O,"방문완료") -> 0 | K64: =SUM(F64:J64) -> 0 | L64: =SUMIFS(실시간콜입력!$K:$K,실시간콜입력!$B:$B,$A64,실시간콜입력!$G:$G,$B64,실시간콜입력!$O:$O,"방문완료")+SUMIFS(실시간콜입력!$L:$L,실시간콜입력!$B:$B,$A64,실시간콜입력!$H:$H,$B64,실시간콜입력!$O:$O,"방문완료") -> 0 | M64: =IF(AND(ISNUMBER(E64),E64>=8),"인정","")
A65: =IF(2<=DAY(DATE(YEAR(설정_코스수당!$K$2),MONTH(설정_코스수당!$K$2)+1,0)),DATE(YEAR(설정_코스수당!$K$2),MONTH(설정_코스수당!$K$2),2),"") -> 46175 | B65: 마사지사7 | E65: =IF(AND(C65<>"",D65<>""),IF(D65<C65,D65+1-C65,D65-C65)*24,"") | F65: =COUNTIFS(실시간콜입력!$B:$B,$A65,실시간콜입력!$E:$E,"A",실시간콜입력!$G:$G,$B65,실시간콜입력!$O:$O,"방문완료")+COUNTIFS(실시간콜입력!$B:$B,$A65,실시간콜입력!$E:$E,"A",실시간콜입력!$H:$H,$B65,실시간콜입력!$O:$O,"방문완료") -> 0 | G65: =COUNTIFS(실시간콜입력!$B:$B,$A65,실시간콜입력!$E:$E,"B",실시간콜입력!$G:$G,$B65,실시간콜입력!$O:$O,"방문완료")+COUNTIFS(실시간콜입력!$B:$B,$A65,실시간콜입력!$E:$E,"B",실시간콜입력!$H:$H,$B65,실시간콜입력!$O:$O,"방문완료") -> 0 | H65: =COUNTIFS(실시간콜입력!$B:$B,$A65,실시간콜입력!$E:$E,"C",실시간콜입력!$G:$G,$B65,실시간콜입력!$O:$O,"방문완료")+COUNTIFS(실시간콜입력!$B:$B,$A65,실시간콜입력!$E:$E,"C",실시간콜입력!$H:$H,$B65,실시간콜입력!$O:$O,"방문완료") -> 0 | I65: =COUNTIFS(실시간콜입력!$B:$B,$A65,실시간콜입력!$E:$E,"D",실시간콜입력!$G:$G,$B65,실시간콜입력!$O:$O,"방문완료")+COUNTIFS(실시간콜입력!$B:$B,$A65,실시간콜입력!$E:$E,"D",실시간콜입력!$H:$H,$B65,실시간콜입력!$O:$O,"방문완료") -> 0 | J65: =COUNTIFS(실시간콜입력!$B:$B,$A65,실시간콜입력!$E:$E,"E",실시간콜입력!$G:$G,$B65,실시간콜입력!$O:$O,"방문완료")+COUNTIFS(실시간콜입력!$B:$B,$A65,실시간콜입력!$E:$E,"E",실시간콜입력!$H:$H,$B65,실시간콜입력!$O:$O,"방문완료") -> 0 | K65: =SUM(F65:J65) -> 0 | L65: =SUMIFS(실시간콜입력!$K:$K,실시간콜입력!$B:$B,$A65,실시간콜입력!$G:$G,$B65,실시간콜입력!$O:$O,"방문완료")+SUMIFS(실시간콜입력!$L:$L,실시간콜입력!$B:$B,$A65,실시간콜입력!$H:$H,$B65,실시간콜입력!$O:$O,"방문완료") -> 0 | M65: =IF(AND(ISNUMBER(E65),E65>=8),"인정","")
A66: =IF(2<=DAY(DATE(YEAR(설정_코스수당!$K$2),MONTH(설정_코스수당!$K$2)+1,0)),DATE(YEAR(설정_코스수당!$K$2),MONTH(설정_코스수당!$K$2),2),"") -> 46175 | B66: 마사지사8 | E66: =IF(AND(C66<>"",D66<>""),IF(D66<C66,D66+1-C66,D66-C66)*24,"") | F66: =COUNTIFS(실시간콜입력!$B:$B,$A66,실시간콜입력!$E:$E,"A",실시간콜입력!$G:$G,$B66,실시간콜입력!$O:$O,"방문완료")+COUNTIFS(실시간콜입력!$B:$B,$A66,실시간콜입력!$E:$E,"A",실시간콜입력!$H:$H,$B66,실시간콜입력!$O:$O,"방문완료") -> 0 | G66: =COUNTIFS(실시간콜입력!$B:$B,$A66,실시간콜입력!$E:$E,"B",실시간콜입력!$G:$G,$B66,실시간콜입력!$O:$O,"방문완료")+COUNTIFS(실시간콜입력!$B:$B,$A66,실시간콜입력!$E:$E,"B",실시간콜입력!$H:$H,$B66,실시간콜입력!$O:$O,"방문완료") -> 0 | H66: =COUNTIFS(실시간콜입력!$B:$B,$A66,실시간콜입력!$E:$E,"C",실시간콜입력!$G:$G,$B66,실시간콜입력!$O:$O,"방문완료")+COUNTIFS(실시간콜입력!$B:$B,$A66,실시간콜입력!$E:$E,"C",실시간콜입력!$H:$H,$B66,실시간콜입력!$O:$O,"방문완료") -> 0 | I66: =COUNTIFS(실시간콜입력!$B:$B,$A66,실시간콜입력!$E:$E,"D",실시간콜입력!$G:$G,$B66,실시간콜입력!$O:$O,"방문완료")+COUNTIFS(실시간콜입력!$B:$B,$A66,실시간콜입력!$E:$E,"D",실시간콜입력!$H:$H,$B66,실시간콜입력!$O:$O,"방문완료") -> 0 | J66: =COUNTIFS(실시간콜입력!$B:$B,$A66,실시간콜입력!$E:$E,"E",실시간콜입력!$G:$G,$B66,실시간콜입력!$O:$O,"방문완료")+COUNTIFS(실시간콜입력!$B:$B,$A66,실시간콜입력!$E:$E,"E",실시간콜입력!$H:$H,$B66,실시간콜입력!$O:$O,"방문완료") -> 0 | K66: =SUM(F66:J66) -> 0 | L66: =SUMIFS(실시간콜입력!$K:$K,실시간콜입력!$B:$B,$A66,실시간콜입력!$G:$G,$B66,실시간콜입력!$O:$O,"방문완료")+SUMIFS(실시간콜입력!$L:$L,실시간콜입력!$B:$B,$A66,실시간콜입력!$H:$H,$B66,실시간콜입력!$O:$O,"방문완료") -> 0 | M66: =IF(AND(ISNUMBER(E66),E66>=8),"인정","")
A67: =IF(2<=DAY(DATE(YEAR(설정_코스수당!$K$2),MONTH(설정_코스수당!$K$2)+1,0)),DATE(YEAR(설정_코스수당!$K$2),MONTH(설정_코스수당!$K$2),2),"") -> 46175 | B67: 마사지사9 | E67: =IF(AND(C67<>"",D67<>""),IF(D67<C67,D67+1-C67,D67-C67)*24,"") | F67: =COUNTIFS(실시간콜입력!$B:$B,$A67,실시간콜입력!$E:$E,"A",실시간콜입력!$G:$G,$B67,실시간콜입력!$O:$O,"방문완료")+COUNTIFS(실시간콜입력!$B:$B,$A67,실시간콜입력!$E:$E,"A",실시간콜입력!$H:$H,$B67,실시간콜입력!$O:$O,"방문완료") -> 0 | G67: =COUNTIFS(실시간콜입력!$B:$B,$A67,실시간콜입력!$E:$E,"B",실시간콜입력!$G:$G,$B67,실시간콜입력!$O:$O,"방문완료")+COUNTIFS(실시간콜입력!$B:$B,$A67,실시간콜입력!$E:$E,"B",실시간콜입력!$H:$H,$B67,실시간콜입력!$O:$O,"방문완료") -> 0 | H67: =COUNTIFS(실시간콜입력!$B:$B,$A67,실시간콜입력!$E:$E,"C",실시간콜입력!$G:$G,$B67,실시간콜입력!$O:$O,"방문완료")+COUNTIFS(실시간콜입력!$B:$B,$A67,실시간콜입력!$E:$E,"C",실시간콜입력!$H:$H,$B67,실시간콜입력!$O:$O,"방문완료") -> 0 | I67: =COUNTIFS(실시간콜입력!$B:$B,$A67,실시간콜입력!$E:$E,"D",실시간콜입력!$G:$G,$B67,실시간콜입력!$O:$O,"방문완료")+COUNTIFS(실시간콜입력!$B:$B,$A67,실시간콜입력!$E:$E,"D",실시간콜입력!$H:$H,$B67,실시간콜입력!$O:$O,"방문완료") -> 0 | J67: =COUNTIFS(실시간콜입력!$B:$B,$A67,실시간콜입력!$E:$E,"E",실시간콜입력!$G:$G,$B67,실시간콜입력!$O:$O,"방문완료")+COUNTIFS(실시간콜입력!$B:$B,$A67,실시간콜입력!$E:$E,"E",실시간콜입력!$H:$H,$B67,실시간콜입력!$O:$O,"방문완료") -> 0 | K67: =SUM(F67:J67) -> 0 | L67: =SUMIFS(실시간콜입력!$K:$K,실시간콜입력!$B:$B,$A67,실시간콜입력!$G:$G,$B67,실시간콜입력!$O:$O,"방문완료")+SUMIFS(실시간콜입력!$L:$L,실시간콜입력!$B:$B,$A67,실시간콜입력!$H:$H,$B67,실시간콜입력!$O:$O,"방문완료") -> 0 | M67: =IF(AND(ISNUMBER(E67),E67>=8),"인정","")
A68: =IF(2<=DAY(DATE(YEAR(설정_코스수당!$K$2),MONTH(설정_코스수당!$K$2)+1,0)),DATE(YEAR(설정_코스수당!$K$2),MONTH(설정_코스수당!$K$2),2),"") -> 46175 | B68: 마사지사10 | E68: =IF(AND(C68<>"",D68<>""),IF(D68<C68,D68+1-C68,D68-C68)*24,"") | F68: =COUNTIFS(실시간콜입력!$B:$B,$A68,실시간콜입력!$E:$E,"A",실시간콜입력!$G:$G,$B68,실시간콜입력!$O:$O,"방문완료")+COUNTIFS(실시간콜입력!$B:$B,$A68,실시간콜입력!$E:$E,"A",실시간콜입력!$H:$H,$B68,실시간콜입력!$O:$O,"방문완료") -> 0 | G68: =COUNTIFS(실시간콜입력!$B:$B,$A68,실시간콜입력!$E:$E,"B",실시간콜입력!$G:$G,$B68,실시간콜입력!$O:$O,"방문완료")+COUNTIFS(실시간콜입력!$B:$B,$A68,실시간콜입력!$E:$E,"B",실시간콜입력!$H:$H,$B68,실시간콜입력!$O:$O,"방문완료") -> 0 | H68: =COUNTIFS(실시간콜입력!$B:$B,$A68,실시간콜입력!$E:$E,"C",실시간콜입력!$G:$G,$B68,실시간콜입력!$O:$O,"방문완료")+COUNTIFS(실시간콜입력!$B:$B,$A68,실시간콜입력!$E:$E,"C",실시간콜입력!$H:$H,$B68,실시간콜입력!$O:$O,"방문완료") -> 0 | I68: =COUNTIFS(실시간콜입력!$B:$B,$A68,실시간콜입력!$E:$E,"D",실시간콜입력!$G:$G,$B68,실시간콜입력!$O:$O,"방문완료")+COUNTIFS(실시간콜입력!$B:$B,$A68,실시간콜입력!$E:$E,"D",실시간콜입력!$H:$H,$B68,실시간콜입력!$O:$O,"방문완료") -> 0 | J68: =COUNTIFS(실시간콜입력!$B:$B,$A68,실시간콜입력!$E:$E,"E",실시간콜입력!$G:$G,$B68,실시간콜입력!$O:$O,"방문완료")+COUNTIFS(실시간콜입력!$B:$B,$A68,실시간콜입력!$E:$E,"E",실시간콜입력!$H:$H,$B68,실시간콜입력!$O:$O,"방문완료") -> 0 | K68: =SUM(F68:J68) -> 0 | L68: =SUMIFS(실시간콜입력!$K:$K,실시간콜입력!$B:$B,$A68,실시간콜입력!$G:$G,$B68,실시간콜입력!$O:$O,"방문완료")+SUMIFS(실시간콜입력!$L:$L,실시간콜입력!$B:$B,$A68,실시간콜입력!$H:$H,$B68,실시간콜입력!$O:$O,"방문완료") -> 0 | M68: =IF(AND(ISNUMBER(E68),E68>=8),"인정","")
A69: =IF(2<=DAY(DATE(YEAR(설정_코스수당!$K$2),MONTH(설정_코스수당!$K$2)+1,0)),DATE(YEAR(설정_코스수당!$K$2),MONTH(설정_코스수당!$K$2),2),"") -> 46175 | B69: 마사지사11 | E69: =IF(AND(C69<>"",D69<>""),IF(D69<C69,D69+1-C69,D69-C69)*24,"") | F69: =COUNTIFS(실시간콜입력!$B:$B,$A69,실시간콜입력!$E:$E,"A",실시간콜입력!$G:$G,$B69,실시간콜입력!$O:$O,"방문완료")+COUNTIFS(실시간콜입력!$B:$B,$A69,실시간콜입력!$E:$E,"A",실시간콜입력!$H:$H,$B69,실시간콜입력!$O:$O,"방문완료") -> 0 | G69: =COUNTIFS(실시간콜입력!$B:$B,$A69,실시간콜입력!$E:$E,"B",실시간콜입력!$G:$G,$B69,실시간콜입력!$O:$O,"방문완료")+COUNTIFS(실시간콜입력!$B:$B,$A69,실시간콜입력!$E:$E,"B",실시간콜입력!$H:$H,$B69,실시간콜입력!$O:$O,"방문완료") -> 0 | H69: =COUNTIFS(실시간콜입력!$B:$B,$A69,실시간콜입력!$E:$E,"C",실시간콜입력!$G:$G,$B69,실시간콜입력!$O:$O,"방문완료")+COUNTIFS(실시간콜입력!$B:$B,$A69,실시간콜입력!$E:$E,"C",실시간콜입력!$H:$H,$B69,실시간콜입력!$O:$O,"방문완료") -> 0 | I69: =COUNTIFS(실시간콜입력!$B:$B,$A69,실시간콜입력!$E:$E,"D",실시간콜입력!$G:$G,$B69,실시간콜입력!$O:$O,"방문완료")+COUNTIFS(실시간콜입력!$B:$B,$A69,실시간콜입력!$E:$E,"D",실시간콜입력!$H:$H,$B69,실시간콜입력!$O:$O,"방문완료") -> 0 | J69: =COUNTIFS(실시간콜입력!$B:$B,$A69,실시간콜입력!$E:$E,"E",실시간콜입력!$G:$G,$B69,실시간콜입력!$O:$O,"방문완료")+COUNTIFS(실시간콜입력!$B:$B,$A69,실시간콜입력!$E:$E,"E",실시간콜입력!$H:$H,$B69,실시간콜입력!$O:$O,"방문완료") -> 0 | K69: =SUM(F69:J69) -> 0 | L69: =SUMIFS(실시간콜입력!$K:$K,실시간콜입력!$B:$B,$A69,실시간콜입력!$G:$G,$B69,실시간콜입력!$O:$O,"방문완료")+SUMIFS(실시간콜입력!$L:$L,실시간콜입력!$B:$B,$A69,실시간콜입력!$H:$H,$B69,실시간콜입력!$O:$O,"방문완료") -> 0 | M69: =IF(AND(ISNUMBER(E69),E69>=8),"인정","")
A70: =IF(2<=DAY(DATE(YEAR(설정_코스수당!$K$2),MONTH(설정_코스수당!$K$2)+1,0)),DATE(YEAR(설정_코스수당!$K$2),MONTH(설정_코스수당!$K$2),2),"") -> 46175 | B70: 마사지사12 | E70: =IF(AND(C70<>"",D70<>""),IF(D70<C70,D70+1-C70,D70-C70)*24,"") | F70: =COUNTIFS(실시간콜입력!$B:$B,$A70,실시간콜입력!$E:$E,"A",실시간콜입력!$G:$G,$B70,실시간콜입력!$O:$O,"방문완료")+COUNTIFS(실시간콜입력!$B:$B,$A70,실시간콜입력!$E:$E,"A",실시간콜입력!$H:$H,$B70,실시간콜입력!$O:$O,"방문완료") -> 0 | G70: =COUNTIFS(실시간콜입력!$B:$B,$A70,실시간콜입력!$E:$E,"B",실시간콜입력!$G:$G,$B70,실시간콜입력!$O:$O,"방문완료")+COUNTIFS(실시간콜입력!$B:$B,$A70,실시간콜입력!$E:$E,"B",실시간콜입력!$H:$H,$B70,실시간콜입력!$O:$O,"방문완료") -> 0 | H70: =COUNTIFS(실시간콜입력!$B:$B,$A70,실시간콜입력!$E:$E,"C",실시간콜입력!$G:$G,$B70,실시간콜입력!$O:$O,"방문완료")+COUNTIFS(실시간콜입력!$B:$B,$A70,실시간콜입력!$E:$E,"C",실시간콜입력!$H:$H,$B70,실시간콜입력!$O:$O,"방문완료") -> 0 | I70: =COUNTIFS(실시간콜입력!$B:$B,$A70,실시간콜입력!$E:$E,"D",실시간콜입력!$G:$G,$B70,실시간콜입력!$O:$O,"방문완료")+COUNTIFS(실시간콜입력!$B:$B,$A70,실시간콜입력!$E:$E,"D",실시간콜입력!$H:$H,$B70,실시간콜입력!$O:$O,"방문완료") -> 0 | J70: =COUNTIFS(실시간콜입력!$B:$B,$A70,실시간콜입력!$E:$E,"E",실시간콜입력!$G:$G,$B70,실시간콜입력!$O:$O,"방문완료")+COUNTIFS(실시간콜입력!$B:$B,$A70,실시간콜입력!$E:$E,"E",실시간콜입력!$H:$H,$B70,실시간콜입력!$O:$O,"방문완료") -> 0 | K70: =SUM(F70:J70) -> 0 | L70: =SUMIFS(실시간콜입력!$K:$K,실시간콜입력!$B:$B,$A70,실시간콜입력!$G:$G,$B70,실시간콜입력!$O:$O,"방문완료")+SUMIFS(실시간콜입력!$L:$L,실시간콜입력!$B:$B,$A70,실시간콜입력!$H:$H,$B70,실시간콜입력!$O:$O,"방문완료") -> 0 | M70: =IF(AND(ISNUMBER(E70),E70>=8),"인정","")
... A108: =IF(2<=DAY(DATE(YEAR(설정_코스수당!$K$2),MONTH(설정_코스수당!$K$2)+1,0)),DATE(YEAR(설정_코스수당!$K$2),MONTH(설정_코스수당!$K$2),2),"") -> 46175 | B108: 마사지사50 | E108: =IF(AND(C108<>"",D108<>""),IF(D108<C108,D108+1-C108,D108-C108)*24,"") | F108: =COUNTIFS(실시간콜입력!$B:$B,$A108,실시간콜입력!$E:$E,"A",실시간콜입력!$G:$G,$B108,실시간콜입력!$O:$O,"방문완료")+COUNTIFS(실시간콜입력!$B:$B,$A108,실시간콜입력!$E:$E,"A",실시간콜입력!$H:$H,$B108,실시간콜입력!$O:$O,"방문완료") -> 0 | G108: =COUNTIFS(실시간콜입력!$B:$B,$A108,실시간콜입력!$E:$E,"B",실시간콜입력!$G:$G,$B108,실시간콜입력!$O:$O,"방문완료")+COUNTIFS(실시간콜입력!$B:$B,$A108,실시간콜입력!$E:$E,"B",실시간콜입력!$H:$H,$B108,실시간콜입력!$O:$O,"방문완료") -> 0 | H108: =COUNTIFS(실시간콜입력!$B:$B,$A108,실시간콜입력!$E:$E,"C",실시간콜입력!$G:$G,$B108,실시간콜입력!$O:$O,"방문완료")+COUNTIFS(실시간콜입력!$B:$B,$A108,실시간콜입력!$E:$E,"C",실시간콜입력!$H:$H,$B108,실시간콜입력!$O:$O,"방문완료") -> 0 | I108: =COUNTIFS(실시간콜입력!$B:$B,$A108,실시간콜입력!$E:$E,"D",실시간콜입력!$G:$G,$B108,실시간콜입력!$O:$O,"방문완료")+COUNTIFS(실시간콜입력!$B:$B,$A108,실시간콜입력!$E:$E,"D",실시간콜입력!$H:$H,$B108,실시간콜입력!$O:$O,"방문완료") -> 0 | J108: =COUNTIFS(실시간콜입력!$B:$B,$A108,실시간콜입력!$E:$E,"E",실시간콜입력!$G:$G,$B108,실시간콜입력!$O:$O,"방문완료")+COUNTIFS(실시간콜입력!$B:$B,$A108,실시간콜입력!$E:$E,"E",실시간콜입력!$H:$H,$B108,실시간콜입력!$O:$O,"방문완료") -> 0 | K108: =SUM(F108:J108) -> 0 | L108: =SUMIFS(실시간콜입력!$K:$K,실시간콜입력!$B:$B,$A108,실시간콜입력!$G:$G,$B108,실시간콜입력!$O:$O,"방문완료")+SUMIFS(실시간콜입력!$L:$L,실시간콜입력!$B:$B,$A108,실시간콜입력!$H:$H,$B108,실시간콜입력!$O:$O,"방문완료") -> 0 | M108: =IF(AND(ISNUMBER(E108),E108>=8),"인정","")
A109: =IF(3<=DAY(DATE(YEAR(설정_코스수당!$K$2),MONTH(설정_코스수당!$K$2)+1,0)),DATE(YEAR(설정_코스수당!$K$2),MONTH(설정_코스수당!$K$2),3),"") -> 46176 | B109: =IF(A109="","","출근 "&COUNTIF(C111:C160,"<>")&"명") -> 출근 0명 | C109: =IF(A109="","","만근 "&COUNTIF(M111:M160,"인정")&"명") -> 만근 0명 | D109: =IFERROR("평균 "&TEXT(AVERAGEIF(E111:E160,">0",E111:E160),"0.0")&"h","평균 -") -> 평균 - | E109: - | F109: =SUM(F111:F160) -> 0 | G109: =SUM(G111:G160) -> 0 | H109: =SUM(H111:H160) -> 0 | I109: =SUM(I111:I160) -> 0 | J109: =SUM(J111:J160) -> 0 | K109: =SUM(K111:K160) -> 0 | L109: =SUM(L111:L160) -> 0 | M109: =COUNTIF(M111:M160,"인정") -> 0 | N109: 일별 합계
A110: 날짜 | B110: 마사지사 | C110: 출근시간 | D110: 퇴근시간 | E110: 대기시간 | F110: A콜 | G110: B콜 | H110: C콜 | I110: D콜 | J110: E콜 | K110: 총콜 | L110: 당일정산 | M110: 만근인정 | N110: 메모
A111: =IF(3<=DAY(DATE(YEAR(설정_코스수당!$K$2),MONTH(설정_코스수당!$K$2)+1,0)),DATE(YEAR(설정_코스수당!$K$2),MONTH(설정_코스수당!$K$2),3),"") -> 46176 | B111: 마사지사1 | E111: =IF(AND(C111<>"",D111<>""),IF(D111<C111,D111+1-C111,D111-C111)*24,"") | F111: =COUNTIFS(실시간콜입력!$B:$B,$A111,실시간콜입력!$E:$E,"A",실시간콜입력!$G:$G,$B111,실시간콜입력!$O:$O,"방문완료")+COUNTIFS(실시간콜입력!$B:$B,$A111,실시간콜입력!$E:$E,"A",실시간콜입력!$H:$H,$B111,실시간콜입력!$O:$O,"방문완료") -> 0 | G111: =COUNTIFS(실시간콜입력!$B:$B,$A111,실시간콜입력!$E:$E,"B",실시간콜입력!$G:$G,$B111,실시간콜입력!$O:$O,"방문완료")+COUNTIFS(실시간콜입력!$B:$B,$A111,실시간콜입력!$E:$E,"B",실시간콜입력!$H:$H,$B111,실시간콜입력!$O:$O,"방문완료") -> 0 | H111: =COUNTIFS(실시간콜입력!$B:$B,$A111,실시간콜입력!$E:$E,"C",실시간콜입력!$G:$G,$B111,실시간콜입력!$O:$O,"방문완료")+COUNTIFS(실시간콜입력!$B:$B,$A111,실시간콜입력!$E:$E,"C",실시간콜입력!$H:$H,$B111,실시간콜입력!$O:$O,"방문완료") -> 0 | I111: =COUNTIFS(실시간콜입력!$B:$B,$A111,실시간콜입력!$E:$E,"D",실시간콜입력!$G:$G,$B111,실시간콜입력!$O:$O,"방문완료")+COUNTIFS(실시간콜입력!$B:$B,$A111,실시간콜입력!$E:$E,"D",실시간콜입력!$H:$H,$B111,실시간콜입력!$O:$O,"방문완료") -> 0 | J111: =COUNTIFS(실시간콜입력!$B:$B,$A111,실시간콜입력!$E:$E,"E",실시간콜입력!$G:$G,$B111,실시간콜입력!$O:$O,"방문완료")+COUNTIFS(실시간콜입력!$B:$B,$A111,실시간콜입력!$E:$E,"E",실시간콜입력!$H:$H,$B111,실시간콜입력!$O:$O,"방문완료") -> 0 | K111: =SUM(F111:J111) -> 0 | L111: =SUMIFS(실시간콜입력!$K:$K,실시간콜입력!$B:$B,$A111,실시간콜입력!$G:$G,$B111,실시간콜입력!$O:$O,"방문완료")+SUMIFS(실시간콜입력!$L:$L,실시간콜입력!$B:$B,$A111,실시간콜입력!$H:$H,$B111,실시간콜입력!$O:$O,"방문완료") -> 0 | M111: =IF(AND(ISNUMBER(E111),E111>=8),"인정","")
A112: =IF(3<=DAY(DATE(YEAR(설정_코스수당!$K$2),MONTH(설정_코스수당!$K$2)+1,0)),DATE(YEAR(설정_코스수당!$K$2),MONTH(설정_코스수당!$K$2),3),"") -> 46176 | B112: 마사지사2 | E112: =IF(AND(C112<>"",D112<>""),IF(D112<C112,D112+1-C112,D112-C112)*24,"") | F112: =COUNTIFS(실시간콜입력!$B:$B,$A112,실시간콜입력!$E:$E,"A",실시간콜입력!$G:$G,$B112,실시간콜입력!$O:$O,"방문완료")+COUNTIFS(실시간콜입력!$B:$B,$A112,실시간콜입력!$E:$E,"A",실시간콜입력!$H:$H,$B112,실시간콜입력!$O:$O,"방문완료") -> 0 | G112: =COUNTIFS(실시간콜입력!$B:$B,$A112,실시간콜입력!$E:$E,"B",실시간콜입력!$G:$G,$B112,실시간콜입력!$O:$O,"방문완료")+COUNTIFS(실시간콜입력!$B:$B,$A112,실시간콜입력!$E:$E,"B",실시간콜입력!$H:$H,$B112,실시간콜입력!$O:$O,"방문완료") -> 0 | H112: =COUNTIFS(실시간콜입력!$B:$B,$A112,실시간콜입력!$E:$E,"C",실시간콜입력!$G:$G,$B112,실시간콜입력!$O:$O,"방문완료")+COUNTIFS(실시간콜입력!$B:$B,$A112,실시간콜입력!$E:$E,"C",실시간콜입력!$H:$H,$B112,실시간콜입력!$O:$O,"방문완료") -> 0 | I112: =COUNTIFS(실시간콜입력!$B:$B,$A112,실시간콜입력!$E:$E,"D",실시간콜입력!$G:$G,$B112,실시간콜입력!$O:$O,"방문완료")+COUNTIFS(실시간콜입력!$B:$B,$A112,실시간콜입력!$E:$E,"D",실시간콜입력!$H:$H,$B112,실시간콜입력!$O:$O,"방문완료") -> 0 | J112: =COUNTIFS(실시간콜입력!$B:$B,$A112,실시간콜입력!$E:$E,"E",실시간콜입력!$G:$G,$B112,실시간콜입력!$O:$O,"방문완료")+COUNTIFS(실시간콜입력!$B:$B,$A112,실시간콜입력!$E:$E,"E",실시간콜입력!$H:$H,$B112,실시간콜입력!$O:$O,"방문완료") -> 0 | K112: =SUM(F112:J112) -> 0 | L112: =SUMIFS(실시간콜입력!$K:$K,실시간콜입력!$B:$B,$A112,실시간콜입력!$G:$G,$B112,실시간콜입력!$O:$O,"방문완료")+SUMIFS(실시간콜입력!$L:$L,실시간콜입력!$B:$B,$A112,실시간콜입력!$H:$H,$B112,실시간콜입력!$O:$O,"방문완료") -> 0 | M112: =IF(AND(ISNUMBER(E112),E112>=8),"인정","")
A113: =IF(3<=DAY(DATE(YEAR(설정_코스수당!$K$2),MONTH(설정_코스수당!$K$2)+1,0)),DATE(YEAR(설정_코스수당!$K$2),MONTH(설정_코스수당!$K$2),3),"") -> 46176 | B113: 마사지사3 | E113: =IF(AND(C113<>"",D113<>""),IF(D113<C113,D113+1-C113,D113-C113)*24,"") | F113: =COUNTIFS(실시간콜입력!$B:$B,$A113,실시간콜입력!$E:$E,"A",실시간콜입력!$G:$G,$B113,실시간콜입력!$O:$O,"방문완료")+COUNTIFS(실시간콜입력!$B:$B,$A113,실시간콜입력!$E:$E,"A",실시간콜입력!$H:$H,$B113,실시간콜입력!$O:$O,"방문완료") -> 0 | G113: =COUNTIFS(실시간콜입력!$B:$B,$A113,실시간콜입력!$E:$E,"B",실시간콜입력!$G:$G,$B113,실시간콜입력!$O:$O,"방문완료")+COUNTIFS(실시간콜입력!$B:$B,$A113,실시간콜입력!$E:$E,"B",실시간콜입력!$H:$H,$B113,실시간콜입력!$O:$O,"방문완료") -> 0 | H113: =COUNTIFS(실시간콜입력!$B:$B,$A113,실시간콜입력!$E:$E,"C",실시간콜입력!$G:$G,$B113,실시간콜입력!$O:$O,"방문완료")+COUNTIFS(실시간콜입력!$B:$B,$A113,실시간콜입력!$E:$E,"C",실시간콜입력!$H:$H,$B113,실시간콜입력!$O:$O,"방문완료") -> 0 | I113: =COUNTIFS(실시간콜입력!$B:$B,$A113,실시간콜입력!$E:$E,"D",실시간콜입력!$G:$G,$B113,실시간콜입력!$O:$O,"방문완료")+COUNTIFS(실시간콜입력!$B:$B,$A113,실시간콜입력!$E:$E,"D",실시간콜입력!$H:$H,$B113,실시간콜입력!$O:$O,"방문완료") -> 0 | J113: =COUNTIFS(실시간콜입력!$B:$B,$A113,실시간콜입력!$E:$E,"E",실시간콜입력!$G:$G,$B113,실시간콜입력!$O:$O,"방문완료")+COUNTIFS(실시간콜입력!$B:$B,$A113,실시간콜입력!$E:$E,"E",실시간콜입력!$H:$H,$B113,실시간콜입력!$O:$O,"방문완료") -> 0 | K113: =SUM(F113:J113) -> 0 | L113: =SUMIFS(실시간콜입력!$K:$K,실시간콜입력!$B:$B,$A113,실시간콜입력!$G:$G,$B113,실시간콜입력!$O:$O,"방문완료")+SUMIFS(실시간콜입력!$L:$L,실시간콜입력!$B:$B,$A113,실시간콜입력!$H:$H,$B113,실시간콜입력!$O:$O,"방문완료") -> 0 | M113: =IF(AND(ISNUMBER(E113),E113>=8),"인정","")
A114: =IF(3<=DAY(DATE(YEAR(설정_코스수당!$K$2),MONTH(설정_코스수당!$K$2)+1,0)),DATE(YEAR(설정_코스수당!$K$2),MONTH(설정_코스수당!$K$2),3),"") -> 46176 | B114: 마사지사4 | E114: =IF(AND(C114<>"",D114<>""),IF(D114<C114,D114+1-C114,D114-C114)*24,"") | F114: =COUNTIFS(실시간콜입력!$B:$B,$A114,실시간콜입력!$E:$E,"A",실시간콜입력!$G:$G,$B114,실시간콜입력!$O:$O,"방문완료")+COUNTIFS(실시간콜입력!$B:$B,$A114,실시간콜입력!$E:$E,"A",실시간콜입력!$H:$H,$B114,실시간콜입력!$O:$O,"방문완료") -> 0 | G114: =COUNTIFS(실시간콜입력!$B:$B,$A114,실시간콜입력!$E:$E,"B",실시간콜입력!$G:$G,$B114,실시간콜입력!$O:$O,"방문완료")+COUNTIFS(실시간콜입력!$B:$B,$A114,실시간콜입력!$E:$E,"B",실시간콜입력!$H:$H,$B114,실시간콜입력!$O:$O,"방문완료") -> 0 | H114: =COUNTIFS(실시간콜입력!$B:$B,$A114,실시간콜입력!$E:$E,"C",실시간콜입력!$G:$G,$B114,실시간콜입력!$O:$O,"방문완료")+COUNTIFS(실시간콜입력!$B:$B,$A114,실시간콜입력!$E:$E,"C",실시간콜입력!$H:$H,$B114,실시간콜입력!$O:$O,"방문완료") -> 0 | I114: =COUNTIFS(실시간콜입력!$B:$B,$A114,실시간콜입력!$E:$E,"D",실시간콜입력!$G:$G,$B114,실시간콜입력!$O:$O,"방문완료")+COUNTIFS(실시간콜입력!$B:$B,$A114,실시간콜입력!$E:$E,"D",실시간콜입력!$H:$H,$B114,실시간콜입력!$O:$O,"방문완료") -> 0 | J114: =COUNTIFS(실시간콜입력!$B:$B,$A114,실시간콜입력!$E:$E,"E",실시간콜입력!$G:$G,$B114,실시간콜입력!$O:$O,"방문완료")+COUNTIFS(실시간콜입력!$B:$B,$A114,실시간콜입력!$E:$E,"E",실시간콜입력!$H:$H,$B114,실시간콜입력!$O:$O,"방문완료") -> 0 | K114: =SUM(F114:J114) -> 0 | L114: =SUMIFS(실시간콜입력!$K:$K,실시간콜입력!$B:$B,$A114,실시간콜입력!$G:$G,$B114,실시간콜입력!$O:$O,"방문완료")+SUMIFS(실시간콜입력!$L:$L,실시간콜입력!$B:$B,$A114,실시간콜입력!$H:$H,$B114,실시간콜입력!$O:$O,"방문완료") -> 0 | M114: =IF(AND(ISNUMBER(E114),E114>=8),"인정","")
A115: =IF(3<=DAY(DATE(YEAR(설정_코스수당!$K$2),MONTH(설정_코스수당!$K$2)+1,0)),DATE(YEAR(설정_코스수당!$K$2),MONTH(설정_코스수당!$K$2),3),"") -> 46176 | B115: 마사지사5 | E115: =IF(AND(C115<>"",D115<>""),IF(D115<C115,D115+1-C115,D115-C115)*24,"") | F115: =COUNTIFS(실시간콜입력!$B:$B,$A115,실시간콜입력!$E:$E,"A",실시간콜입력!$G:$G,$B115,실시간콜입력!$O:$O,"방문완료")+COUNTIFS(실시간콜입력!$B:$B,$A115,실시간콜입력!$E:$E,"A",실시간콜입력!$H:$H,$B115,실시간콜입력!$O:$O,"방문완료") -> 0 | G115: =COUNTIFS(실시간콜입력!$B:$B,$A115,실시간콜입력!$E:$E,"B",실시간콜입력!$G:$G,$B115,실시간콜입력!$O:$O,"방문완료")+COUNTIFS(실시간콜입력!$B:$B,$A115,실시간콜입력!$E:$E,"B",실시간콜입력!$H:$H,$B115,실시간콜입력!$O:$O,"방문완료") -> 0 | H115: =COUNTIFS(실시간콜입력!$B:$B,$A115,실시간콜입력!$E:$E,"C",실시간콜입력!$G:$G,$B115,실시간콜입력!$O:$O,"방문완료")+COUNTIFS(실시간콜입력!$B:$B,$A115,실시간콜입력!$E:$E,"C",실시간콜입력!$H:$H,$B115,실시간콜입력!$O:$O,"방문완료") -> 0 | I115: =COUNTIFS(실시간콜입력!$B:$B,$A115,실시간콜입력!$E:$E,"D",실시간콜입력!$G:$G,$B115,실시간콜입력!$O:$O,"방문완료")+COUNTIFS(실시간콜입력!$B:$B,$A115,실시간콜입력!$E:$E,"D",실시간콜입력!$H:$H,$B115,실시간콜입력!$O:$O,"방문완료") -> 0 | J115: =COUNTIFS(실시간콜입력!$B:$B,$A115,실시간콜입력!$E:$E,"E",실시간콜입력!$G:$G,$B115,실시간콜입력!$O:$O,"방문완료")+COUNTIFS(실시간콜입력!$B:$B,$A115,실시간콜입력!$E:$E,"E",실시간콜입력!$H:$H,$B115,실시간콜입력!$O:$O,"방문완료") -> 0 | K115: =SUM(F115:J115) -> 0 | L115: =SUMIFS(실시간콜입력!$K:$K,실시간콜입력!$B:$B,$A115,실시간콜입력!$G:$G,$B115,실시간콜입력!$O:$O,"방문완료")+SUMIFS(실시간콜입력!$L:$L,실시간콜입력!$B:$B,$A115,실시간콜입력!$H:$H,$B115,실시간콜입력!$O:$O,"방문완료") -> 0 | M115: =IF(AND(ISNUMBER(E115),E115>=8),"인정","")
A116: =IF(3<=DAY(DATE(YEAR(설정_코스수당!$K$2),MONTH(설정_코스수당!$K$2)+1,0)),DATE(YEAR(설정_코스수당!$K$2),MONTH(설정_코스수당!$K$2),3),"") -> 46176 | B116: 마사지사6 | E116: =IF(AND(C116<>"",D116<>""),IF(D116<C116,D116+1-C116,D116-C116)*24,"") | F116: =COUNTIFS(실시간콜입력!$B:$B,$A116,실시간콜입력!$E:$E,"A",실시간콜입력!$G:$G,$B116,실시간콜입력!$O:$O,"방문완료")+COUNTIFS(실시간콜입력!$B:$B,$A116,실시간콜입력!$E:$E,"A",실시간콜입력!$H:$H,$B116,실시간콜입력!$O:$O,"방문완료") -> 0 | G116: =COUNTIFS(실시간콜입력!$B:$B,$A116,실시간콜입력!$E:$E,"B",실시간콜입력!$G:$G,$B116,실시간콜입력!$O:$O,"방문완료")+COUNTIFS(실시간콜입력!$B:$B,$A116,실시간콜입력!$E:$E,"B",실시간콜입력!$H:$H,$B116,실시간콜입력!$O:$O,"방문완료") -> 0 | H116: =COUNTIFS(실시간콜입력!$B:$B,$A116,실시간콜입력!$E:$E,"C",실시간콜입력!$G:$G,$B116,실시간콜입력!$O:$O,"방문완료")+COUNTIFS(실시간콜입력!$B:$B,$A116,실시간콜입력!$E:$E,"C",실시간콜입력!$H:$H,$B116,실시간콜입력!$O:$O,"방문완료") -> 0 | I116: =COUNTIFS(실시간콜입력!$B:$B,$A116,실시간콜입력!$E:$E,"D",실시간콜입력!$G:$G,$B116,실시간콜입력!$O:$O,"방문완료")+COUNTIFS(실시간콜입력!$B:$B,$A116,실시간콜입력!$E:$E,"D",실시간콜입력!$H:$H,$B116,실시간콜입력!$O:$O,"방문완료") -> 0 | J116: =COUNTIFS(실시간콜입력!$B:$B,$A116,실시간콜입력!$E:$E,"E",실시간콜입력!$G:$G,$B116,실시간콜입력!$O:$O,"방문완료")+COUNTIFS(실시간콜입력!$B:$B,$A116,실시간콜입력!$E:$E,"E",실시간콜입력!$H:$H,$B116,실시간콜입력!$O:$O,"방문완료") -> 0 | K116: =SUM(F116:J116) -> 0 | L116: =SUMIFS(실시간콜입력!$K:$K,실시간콜입력!$B:$B,$A116,실시간콜입력!$G:$G,$B116,실시간콜입력!$O:$O,"방문완료")+SUMIFS(실시간콜입력!$L:$L,실시간콜입력!$B:$B,$A116,실시간콜입력!$H:$H,$B116,실시간콜입력!$O:$O,"방문완료") -> 0 | M116: =IF(AND(ISNUMBER(E116),E116>=8),"인정","")
A117: =IF(3<=DAY(DATE(YEAR(설정_코스수당!$K$2),MONTH(설정_코스수당!$K$2)+1,0)),DATE(YEAR(설정_코스수당!$K$2),MONTH(설정_코스수당!$K$2),3),"") -> 46176 | B117: 마사지사7 | E117: =IF(AND(C117<>"",D117<>""),IF(D117<C117,D117+1-C117,D117-C117)*24,"") | F117: =COUNTIFS(실시간콜입력!$B:$B,$A117,실시간콜입력!$E:$E,"A",실시간콜입력!$G:$G,$B117,실시간콜입력!$O:$O,"방문완료")+COUNTIFS(실시간콜입력!$B:$B,$A117,실시간콜입력!$E:$E,"A",실시간콜입력!$H:$H,$B117,실시간콜입력!$O:$O,"방문완료") -> 0 | G117: =COUNTIFS(실시간콜입력!$B:$B,$A117,실시간콜입력!$E:$E,"B",실시간콜입력!$G:$G,$B117,실시간콜입력!$O:$O,"방문완료")+COUNTIFS(실시간콜입력!$B:$B,$A117,실시간콜입력!$E:$E,"B",실시간콜입력!$H:$H,$B117,실시간콜입력!$O:$O,"방문완료") -> 0 | H117: =COUNTIFS(실시간콜입력!$B:$B,$A117,실시간콜입력!$E:$E,"C",실시간콜입력!$G:$G,$B117,실시간콜입력!$O:$O,"방문완료")+COUNTIFS(실시간콜입력!$B:$B,$A117,실시간콜입력!$E:$E,"C",실시간콜입력!$H:$H,$B117,실시간콜입력!$O:$O,"방문완료") -> 0 | I117: =COUNTIFS(실시간콜입력!$B:$B,$A117,실시간콜입력!$E:$E,"D",실시간콜입력!$G:$G,$B117,실시간콜입력!$O:$O,"방문완료")+COUNTIFS(실시간콜입력!$B:$B,$A117,실시간콜입력!$E:$E,"D",실시간콜입력!$H:$H,$B117,실시간콜입력!$O:$O,"방문완료") -> 0 | J117: =COUNTIFS(실시간콜입력!$B:$B,$A117,실시간콜입력!$E:$E,"E",실시간콜입력!$G:$G,$B117,실시간콜입력!$O:$O,"방문완료")+COUNTIFS(실시간콜입력!$B:$B,$A117,실시간콜입력!$E:$E,"E",실시간콜입력!$H:$H,$B117,실시간콜입력!$O:$O,"방문완료") -> 0 | K117: =SUM(F117:J117) -> 0 | L117: =SUMIFS(실시간콜입력!$K:$K,실시간콜입력!$B:$B,$A117,실시간콜입력!$G:$G,$B117,실시간콜입력!$O:$O,"방문완료")+SUMIFS(실시간콜입력!$L:$L,실시간콜입력!$B:$B,$A117,실시간콜입력!$H:$H,$B117,실시간콜입력!$O:$O,"방문완료") -> 0 | M117: =IF(AND(ISNUMBER(E117),E117>=8),"인정","")
A118: =IF(3<=DAY(DATE(YEAR(설정_코스수당!$K$2),MONTH(설정_코스수당!$K$2)+1,0)),DATE(YEAR(설정_코스수당!$K$2),MONTH(설정_코스수당!$K$2),3),"") -> 46176 | B118: 마사지사8 | E118: =IF(AND(C118<>"",D118<>""),IF(D118<C118,D118+1-C118,D118-C118)*24,"") | F118: =COUNTIFS(실시간콜입력!$B:$B,$A118,실시간콜입력!$E:$E,"A",실시간콜입력!$G:$G,$B118,실시간콜입력!$O:$O,"방문완료")+COUNTIFS(실시간콜입력!$B:$B,$A118,실시간콜입력!$E:$E,"A",실시간콜입력!$H:$H,$B118,실시간콜입력!$O:$O,"방문완료") -> 0 | G118: =COUNTIFS(실시간콜입력!$B:$B,$A118,실시간콜입력!$E:$E,"B",실시간콜입력!$G:$G,$B118,실시간콜입력!$O:$O,"방문완료")+COUNTIFS(실시간콜입력!$B:$B,$A118,실시간콜입력!$E:$E,"B",실시간콜입력!$H:$H,$B118,실시간콜입력!$O:$O,"방문완료") -> 0 | H118: =COUNTIFS(실시간콜입력!$B:$B,$A118,실시간콜입력!$E:$E,"C",실시간콜입력!$G:$G,$B118,실시간콜입력!$O:$O,"방문완료")+COUNTIFS(실시간콜입력!$B:$B,$A118,실시간콜입력!$E:$E,"C",실시간콜입력!$H:$H,$B118,실시간콜입력!$O:$O,"방문완료") -> 0 | I118: =COUNTIFS(실시간콜입력!$B:$B,$A118,실시간콜입력!$E:$E,"D",실시간콜입력!$G:$G,$B118,실시간콜입력!$O:$O,"방문완료")+COUNTIFS(실시간콜입력!$B:$B,$A118,실시간콜입력!$E:$E,"D",실시간콜입력!$H:$H,$B118,실시간콜입력!$O:$O,"방문완료") -> 0 | J118: =COUNTIFS(실시간콜입력!$B:$B,$A118,실시간콜입력!$E:$E,"E",실시간콜입력!$G:$G,$B118,실시간콜입력!$O:$O,"방문완료")+COUNTIFS(실시간콜입력!$B:$B,$A118,실시간콜입력!$E:$E,"E",실시간콜입력!$H:$H,$B118,실시간콜입력!$O:$O,"방문완료") -> 0 | K118: =SUM(F118:J118) -> 0 | L118: =SUMIFS(실시간콜입력!$K:$K,실시간콜입력!$B:$B,$A118,실시간콜입력!$G:$G,$B118,실시간콜입력!$O:$O,"방문완료")+SUMIFS(실시간콜입력!$L:$L,실시간콜입력!$B:$B,$A118,실시간콜입력!$H:$H,$B118,실시간콜입력!$O:$O,"방문완료") -> 0 | M118: =IF(AND(ISNUMBER(E118),E118>=8),"인정","")
A119: =IF(3<=DAY(DATE(YEAR(설정_코스수당!$K$2),MONTH(설정_코스수당!$K$2)+1,0)),DATE(YEAR(설정_코스수당!$K$2),MONTH(설정_코스수당!$K$2),3),"") -> 46176 | B119: 마사지사9 | E119: =IF(AND(C119<>"",D119<>""),IF(D119<C119,D119+1-C119,D119-C119)*24,"") | F119: =COUNTIFS(실시간콜입력!$B:$B,$A119,실시간콜입력!$E:$E,"A",실시간콜입력!$G:$G,$B119,실시간콜입력!$O:$O,"방문완료")+COUNTIFS(실시간콜입력!$B:$B,$A119,실시간콜입력!$E:$E,"A",실시간콜입력!$H:$H,$B119,실시간콜입력!$O:$O,"방문완료") -> 0 | G119: =COUNTIFS(실시간콜입력!$B:$B,$A119,실시간콜입력!$E:$E,"B",실시간콜입력!$G:$G,$B119,실시간콜입력!$O:$O,"방문완료")+COUNTIFS(실시간콜입력!$B:$B,$A119,실시간콜입력!$E:$E,"B",실시간콜입력!$H:$H,$B119,실시간콜입력!$O:$O,"방문완료") -> 0 | H119: =COUNTIFS(실시간콜입력!$B:$B,$A119,실시간콜입력!$E:$E,"C",실시간콜입력!$G:$G,$B119,실시간콜입력!$O:$O,"방문완료")+COUNTIFS(실시간콜입력!$B:$B,$A119,실시간콜입력!$E:$E,"C",실시간콜입력!$H:$H,$B119,실시간콜입력!$O:$O,"방문완료") -> 0 | I119: =COUNTIFS(실시간콜입력!$B:$B,$A119,실시간콜입력!$E:$E,"D",실시간콜입력!$G:$G,$B119,실시간콜입력!$O:$O,"방문완료")+COUNTIFS(실시간콜입력!$B:$B,$A119,실시간콜입력!$E:$E,"D",실시간콜입력!$H:$H,$B119,실시간콜입력!$O:$O,"방문완료") -> 0 | J119: =COUNTIFS(실시간콜입력!$B:$B,$A119,실시간콜입력!$E:$E,"E",실시간콜입력!$G:$G,$B119,실시간콜입력!$O:$O,"방문완료")+COUNTIFS(실시간콜입력!$B:$B,$A119,실시간콜입력!$E:$E,"E",실시간콜입력!$H:$H,$B119,실시간콜입력!$O:$O,"방문완료") -> 0 | K119: =SUM(F119:J119) -> 0 | L119: =SUMIFS(실시간콜입력!$K:$K,실시간콜입력!$B:$B,$A119,실시간콜입력!$G:$G,$B119,실시간콜입력!$O:$O,"방문완료")+SUMIFS(실시간콜입력!$L:$L,실시간콜입력!$B:$B,$A119,실시간콜입력!$H:$H,$B119,실시간콜입력!$O:$O,"방문완료") -> 0 | M119: =IF(AND(ISNUMBER(E119),E119>=8),"인정","")
